{
  "@type" : "TEMPLATE",
  "uid" : "0604559a-b8c7-472c-a937-17990b1ed749",
  "description" : {
    "@type" : "RESOURCE_DESCRIPTION",
    "originalAuthor" : {
      "date" : "2023-06-16",
      "name" : "Liv Laugen",
      "organisation" : "Oslo universitetssykehus",
      "email" : "liv.laugen@ous-hf.no"
    },
    "otherContributors" : [ ],
    "lifecycleState" : {
      "codeString" : "release_candidate"
    },
    "ipAcknowledgements" : { },
    "references" : { },
    "conversionDetails" : { },
    "otherDetails" : {
      "licence" : "",
      "custodian_organisation" : "",
      "original_namespace" : "",
      "original_publisher" : "",
      "custodian_namespace" : "",
      "sem_ver" : "6.0.0",
      "build_uid" : "",
      "MD5-CAM-1.0.1" : "ff6ea45ebb6de9877e85fd0c2a831df6",
      "PARENT:MD5-CAM-1.0.1" : "65F6678D2160D38515F5E4BD22EA1F45",
      "original_language" : "ISO_639-1::nb"
    },
    "details" : {
      "nb" : {
        "@type" : "RESOURCE_DESCRIPTION_ITEM",
        "language" : {
          "terminologyId" : {
            "value" : "ISO_639-1"
          },
          "codeString" : "nb"
        },
        "purpose" : "For å registrere et individs arbeidsstatus i forbindelse med prosjektet Strukturert Kreftjournal.",
        "use" : "Brukes for å registrere et individs arbeidsstatus i forbindelse med prosjektet Strukturert kreftjournal.\n\nVerdisettet for dataelementet \"Arbeidsstatus\" er standardisert basert på krav utarbeidet av Helsedirektoratet. \n\nDette templatet vil bli brukt i prosjektet Strukturert Kreftjournal under sosialanamnese.\n\nSmåtemplatet med det standardiserte verdisettet kan benyttes utenfor Strukturert kreftjournal hvor det lagres data om arbeidsstatus.\n\nVerdisettet med tilhørende forklaring i dette templatet for arbeidsstatus er:\n- I arbeid = Alle som har jobb og identifiserer seg med at deres hovedkategori er å være i arbeid. Både fulltid og deltid.\n- Ikke i arbeid = Alle som ikke har et arbeidsforhold: hjemmeværende, permitterte, arbeidssøkende, uføretrygdet, under rehabilitering, under attføring eller arbeidsmarkedskurs o.l., samt avtjener verneplikt, siviltjeneste. De med et arbeidsforhold, men som er midlertidig sykemeldt ansees for å være i arbeid.\n- Alderspensjonist = Ikke uførepensjon eller andre pensjonsformer annet enn aldersrelatert. AFP er inkludert.\n- Under utdanning/studerer = Innrullert i et studieløp og identifiserer seg som hovedsakelig student/elev. Både fulltid og deltid.\n- Ukjent = Ukjent arbeidsstatus.",
        "originalResourceUri" : { },
        "otherDetails" : { }
      },
      "en" : {
        "@type" : "RESOURCE_DESCRIPTION_ITEM",
        "language" : {
          "terminologyId" : {
            "value" : "ISO_639-1"
          },
          "codeString" : "en"
        },
        "originalResourceUri" : { },
        "otherDetails" : {
          "notes" : "Generated automatically by Adl Designer"
        }
      },
      "de" : {
        "@type" : "RESOURCE_DESCRIPTION_ITEM",
        "language" : {
          "terminologyId" : {
            "value" : "ISO_639-1"
          },
          "codeString" : "de"
        },
        "originalResourceUri" : { },
        "otherDetails" : {
          "notes" : "Generated automatically by Adl Designer"
        }
      },
      "it" : {
        "@type" : "RESOURCE_DESCRIPTION_ITEM",
        "language" : {
          "terminologyId" : {
            "value" : "ISO_639-1"
          },
          "codeString" : "it"
        },
        "originalResourceUri" : { },
        "otherDetails" : {
          "notes" : "Generated automatically by Adl Designer"
        }
      }
    }
  },
  "parentArchetypeId" : "openEHR-EHR-EVALUATION.occupation_summary.v1",
  "differential" : true,
  "archetypeId" : {
    "@type" : "ARCHETYPE_HRID",
    "value" : "openEHR-EHR-EVALUATION.t_occupation_summary.v1"
  },
  "definition" : {
    "@type" : "C_COMPLEX_OBJECT",
    "rmTypeName" : "EVALUATION",
    "nodeId" : "at0000.1",
    "attributes" : [ {
      "@type" : "C_ATTRIBUTE",
      "rmAttributeName" : "data",
      "children" : [ {
        "@type" : "C_COMPLEX_OBJECT",
        "rmTypeName" : "ITEM_TREE",
        "nodeId" : "at0001",
        "attributes" : [ {
          "@type" : "C_ATTRIBUTE",
          "rmAttributeName" : "items",
          "children" : [ {
            "@type" : "C_COMPLEX_OBJECT",
            "rmTypeName" : "ELEMENT",
            "occurrences" : "0..0",
            "nodeId" : "at0002.1",
            "attributes" : [ ],
            "attributeTuples" : [ ]
          }, {
            "@type" : "C_COMPLEX_OBJECT",
            "rmTypeName" : "ELEMENT",
            "occurrences" : "0..1",
            "nodeId" : "at0004.1",
            "attributes" : [ {
              "@type" : "C_ATTRIBUTE",
              "rmAttributeName" : "value",
              "children" : [ {
                "@type" : "C_COMPLEX_OBJECT",
                "rmTypeName" : "DV_CODED_TEXT",
                "occurrences" : "1..1",
                "attributes" : [ {
                  "@type" : "C_ATTRIBUTE",
                  "rmAttributeName" : "defining_code",
                  "children" : [ {
                    "@type" : "C_TERMINOLOGY_CODE",
                    "rmTypeName" : "TERMINOLOGY_CODE",
                    "occurrences" : "0..1",
                    "terminologyId" : {
                      "value" : "no.arbeidsstatus"
                    },
                    "constraint" : [ ],
                    "selectedTerminologies" : [ "no.arbeidsstatus" ],
                    "includedExternalTerminologyCodes" : [ {
                      "terminologyId" : "no.arbeidsstatus",
                      "code" : "1",
                      "value" : "I arbeid"
                    }, {
                      "terminologyId" : "no.arbeidsstatus",
                      "code" : "2",
                      "value" : "Ikke i arbeid"
                    }, {
                      "terminologyId" : "no.arbeidsstatus",
                      "code" : "3",
                      "value" : "Alderspensjonist"
                    }, {
                      "terminologyId" : "no.arbeidsstatus",
                      "code" : "4",
                      "value" : "Under utdanning/studerer"
                    }, {
                      "terminologyId" : "no.arbeidsstatus",
                      "code" : "9",
                      "value" : "Ukjent"
                    } ]
                  } ]
                } ],
                "attributeTuples" : [ ]
              } ]
            } ],
            "attributeTuples" : [ ]
          }, {
            "@type" : "C_COMPLEX_OBJECT",
            "rmTypeName" : "ELEMENT",
            "occurrences" : "0..0",
            "nodeId" : "at0006.1",
            "attributes" : [ ],
            "attributeTuples" : [ ]
          }, {
            "@type" : "C_ARCHETYPE_ROOT",
            "rmTypeName" : "CLUSTER",
            "occurrences" : "0..1",
            "nodeId" : "at0005.1",
            "attributes" : [ ],
            "attributeTuples" : [ ],
            "archetypeRef" : "openEHR-EHR-CLUSTER.ovl-occupation_record-001.v1",
            "referenceType" : "archetypeOverlay"
          }, {
            "@type" : "C_ARCHETYPE_ROOT",
            "rmTypeName" : "CLUSTER",
            "occurrences" : "0..1",
            "nodeId" : "at0005.2",
            "attributes" : [ ],
            "attributeTuples" : [ ],
            "archetypeRef" : "openEHR-EHR-CLUSTER.ovl-sick_note_ous-001.v1",
            "referenceType" : "archetypeOverlay"
          } ]
        } ],
        "attributeTuples" : [ ]
      } ]
    } ],
    "attributeTuples" : [ ]
  },
  "terminology" : {
    "@type" : "ARCHETYPE_TERMINOLOGY",
    "conceptCode" : "at0000",
    "termDefinitions" : {
      "en" : { },
      "nb" : {
        "at0006.1" : {
          "@type" : "ARCHETYPE_TERM",
          "code" : "at0006.1",
          "text" : "Kommentar",
          "description" : "Ytterligere fritekstkommentar til individets nåværende eller tidligere jobber/roller, som ikke er fanget i andre felt.",
          "comment" : "K"
        },
        "at0004.1" : {
          "@type" : "ARCHETYPE_TERM",
          "code" : "at0004",
          "text" : "Arbeidsstatus",
          "description" : "Utsagn om individets nåværende jobb/rolle."
        }
      },
      "it" : { },
      "de" : { }
    },
    "termBindings" : { },
    "terminologyExtracts" : { },
    "valueSets" : { }
  },
  "adlVersion" : "1.4",
  "buildUid" : "fa21cd28-93c0-3457-93f8-5136339cfc7f",
  "rmName" : "openehr",
  "rmRelease" : "1.1.0",
  "generated" : true,
  "templateId" : "arbeidsstatus",
  "otherMetaData" : { },
  "templateOverlays" : [ {
    "@type" : "TEMPLATE_OVERLAY",
    "uid" : "29788cfe-1dd5-4bf4-84ea-620e5850e869",
    "description" : {
      "@type" : "RESOURCE_DESCRIPTION",
      "originalAuthor" : { },
      "otherContributors" : [ ],
      "ipAcknowledgements" : { },
      "references" : { },
      "conversionDetails" : { },
      "otherDetails" : {
        "PARENT:MD5-CAM-1.0.1" : "6EFFAB5F512D4C7C4C9CCFCDC48670C9"
      },
      "details" : {
        "de" : {
          "@type" : "RESOURCE_DESCRIPTION_ITEM",
          "language" : {
            "terminologyId" : {
              "value" : "ISO_639-1"
            },
            "codeString" : "de"
          },
          "purpose" : "Darstellung von detaiilierten Informationen zu einem Job oder einer Rolle, die von einer Person während eines bestimmten Zeitraums ausgeführt wurde.",
          "keywords" : [ "Beschäftigung", "Arbeitgeber", "Job", "Tätigkeit", "Arbeit", "Beruf", "arbeitslos", "Mitarbeiter", "Arbeitslosigkeit", "studieren", "beschäftigt", "Schüler", "Branche", "Berufstätigkeit", "Freiwilliger", "Berufung", "Handel", "Arbeiter", "Ehrenamtliche", "Position", "Arbeitsplatz" ],
          "use" : "Verwenden Sie diesen Archetyp, um detaillierte Angaben zu einem Job oder einer Rolle darzustellen, die von einer Person während eines bestimmten Zeitraums ausgeführt wurde.\r\n\r\nDer Umfang dieses Archetyps umfasst alle Beschäftigungen oder Tätigkeiten einer Person. Zum Beispiel: ein bezahlter Job oder Dienst; unbezahlte Arbeit jeglicher Art wie eine Freiwilligentätigket; oder Rollen wie Ruhestand oder Student.\r\n\r\nMehrere Instanzen dieses Archetyps, die im Laufe der Zeit erfasst werden, führen zur Übersicht eines Verlaufs vergangener und aktueller Jobs und / oder Rollen.\r\n\r\nEine aktive, aktuelle Beschäftigung kann aus \"Beginn\" abgeleitet werden, wenn unter \"Ende\" nichts vermerkt ist.\r\n\r\nEine Person kann viele gleichzeitige Beschäftigungen ausüben, von denen jede bezahlt oder unbezahlt sein kann. Jede Beschäftigung sollte in einer separaten Instanz dieses Archetyps dargestellt werden.\r\n\r\nWenn sich die Details der Beschäftigung wesentlich ändern, z. B. eine Änderung der Rolle / des Titels oder der Anzahl der Stunden, sollte dies als separate Instanz dieses Archetyps dargestellt werden.\r\n\r\nDieser Archetyp wurde speziell für die Verwendung im SLOT \"Beschäftigungsepisode\" im Archetyp \"EVALUATION.occupation_summary\" entwickelt, kann aber auch in anderen ENTRY- oder CLUSTER-Archetypen verwendet werden, sofern dies klinisch angemessen ist.\r\n\r\nEs können offensichtliche oder tatsächliche Überlappungen zwischen den Datenelementen dieses Archetyps und demografische Details zu Berufs- / Beschäftigungsdetails an anderen Stellen der klinischen oder administrativen Systeme geben. Die Datenelemente dieses Archetyps wurden speziell zur Unterstützung klinischer Zwecke entwickelt, einschließlich der Erstellung eines ärztlichen Attests für einen aktuellen Arbeitgeber.",
          "misuse" : "Darf nicht verwendet werden, um vorübergehende Änderungen oder Episoden innerhalb eines einzelnen Beschäftigungsdatensatzes darzustellen, z. B. Urlaub. Dies ist mit diesen Archetyp nicht möglich und sollte Teil des Human Relations-Systems eines Arbeitgebers sein.\r\n\r\nNicht zur detaillierten Beschreibung von Gesundheitsrisiken oder der Exposition gegenüber gefährlichen Substanzen am Arbeitsplatz verwenden. Verwenden Sie zu diesem Zweck die Archetypen EVALUATION.health_risk oder EVALUATION.exposure.\r\n\r\nDarf nicht verwendet werden, um Informationen über Einkommensquellen oder Einkommensangaben für die Person darzustellen. Verwenden Sie zu diesem Zweck den Archetyp EVALUATION.income_summary.\r\n\r\nNicht zur Darstellung von Informationen über die Beschäftigung einer Person zu einem bestimmten Zeitpunkt (z. B. am 16. Juni 2014) oder während eines relativen Zeitintervalls (z. B. „in den letzten 30 Tagen“) verwenden. Verwenden Sie einen geeigneten OBSERVATION-Archetyp für diesen Zweck.",
          "originalResourceUri" : { },
          "otherDetails" : { }
        },
        "sv" : {
          "@type" : "RESOURCE_DESCRIPTION_ITEM",
          "language" : {
            "terminologyId" : {
              "value" : "ISO_639-1"
            },
            "codeString" : "sv"
          },
          "purpose" : "Att registrera detaljer om ett enskilt jobb eller en roll som en person utför under en viss tidsperiod.",
          "keywords" : [ "sysselsättning", "arbetsgivare", "jobb", "ockupation", "arbete", "yrke", "arbetslös", "anställd", "arbetslöshet", "studerar", "anställda", "studerande", "sektor", "yrke", "volontär", "yrke", "handel", "arbetstagare", "volontär", "position" ],
          "use" : "Används för att registrera information om ett enskilt jobb eller en roll som en person utför under en viss tidsperiod.\r\n\r\nOmfattningen av denna arketyp inkluderar alla yrken eller aktiviteter som utförs av en individ. Till exempel: ett betalt jobb eller anställning; obetalt arbete av vilken typ som helst som en volontärposition; eller roller som att gå i pension eller studera.\r\n\r\nFlera instanser av den här arketypen som skapats över tid kommer att resultera i en sammanställning av en historia av tidigare och nuvarande jobb och/eller roller.\r\n\r\nEn aktiv eller nuvarande ockupation kan antydas från ett 'Datum inleddes' men inget 'Datum upphört'.\r\n\r\nEn individ kan utföra många samtidiga yrken, var och en kan vara betald eller obetald. Varje yrke bör registreras i en separat instans av denna arketyp.\r\n\r\nOm yrkesattribut förändras väsentligt, till exempel roll / titel eller antal timmar, bör detta registreras som en separat instans av denna arketyp.\r\n\r\nDen här arketypen har utformats speciellt för att användas i 'Yrkesepisod' SLOT inom EVALUATION.occupation_summary arketyp, men kan också användas inom alla andra ENTRY- eller CLUSTER-arketyper, där det är kliniskt lämpligt.\r\n\r\nDet kan finnas någon uppenbar eller verklig överlappning mellan dataelementen i denna arketyp och yrkes- / anställningsdetaljer som kan lagras som demografiska detaljer i kliniska eller administrativa system. Dessa dataelement har utformats specifikt för att stödja kliniska ändamål, inklusive generering av ett läkarintyg till en nuvarande arbetsgivare.",
          "misuse" : "Inte utformad för att registrera tillfälliga ändringar eller avsnitt inom en enda yrkesregistrering, som att vara ledig. Detta är utom räckhåll för denna arketyp och bör ingå i en arbetsgivares HR-system.\r\n\r\nInte utformad för att användas till detaljerade beskrivningar av hälsorisker eller exponering för farliga ämnen på arbetsplatsen. Använd arketyperna EVALUATION.health_risk eller EVALUATION.exposure för detta ändamål.\r\n\r\nInte utformad för att registrera information om inkomstkällor eller inkomstuppgifter för individen. Använd arketypen EVALUATION.income_summary för detta ändamål.\r\n\r\nAnvänds inte för att registrera information om en persons ockupation vid en viss tidpunkt (till exempel den 16 juni 2014) eller under ett relativt tidsintervall (till exempel \"under de senaste 30 dagarna\". Använd en lämplig OBSERVATION arketyp för detta ändamål.",
          "originalResourceUri" : { },
          "otherDetails" : { }
        },
        "pt" : {
          "@type" : "RESOURCE_DESCRIPTION_ITEM",
          "language" : {
            "terminologyId" : {
              "value" : "ISO_639-1"
            },
            "codeString" : "pt"
          },
          "purpose" : "Registrar detalhes sobre um único trabalho ou função executada por um indivíduo durante um período especificado.\r\n",
          "keywords" : [ "emprego", "Empregador", "trabalho", "ocupação", "trabalhos", "profissão", "desempregado", "empregado", "desemprego", "estudante", "aluno", "setor", "profissão", "voluntário", "vocação", "comércio", "trabalhador", "posição" ],
          "use" : "Use para registrar detalhes sobre um único trabalho ou função realizada por uma pessoa durante um período especificado.\r\n\r\nO escopo deste arquétipo inclui todas as ocupações ou atividades realizadas por um indivíduo. Por exemplo: um trabalho remunerado ou emprego; trabalho não remunerado de qualquer tipo, como uma posição de voluntário; ou papéis como aposentado ou aluno.\r\n\r\nVárias instâncias desse arquétipo capturadas ao longo do tempo resultarão na agregação de um histórico de trabalhos e / ou funções anteriores e atuais.\r\n\r\nUma ocupação ativa ou atual pode estar implícita a partir de uma 'Data de início', mas não pela 'Data de encerramento'.\r\n\r\nUm indivíduo pode realizar ocupações simultâneas, cada uma das quais podendo ser remuneradas ou não. Cada ocupação deve ser registrada em uma instância separada desse arquétipo.\r\n\r\nSe os atributos de ocupação mudarem significativamente, como uma mudança de função / título ou número de horas, isso deverá ser registrado como uma instância separada desse arquétipo.\r\n\r\nEsse arquétipo foi projetado especificamente para ser usado no SLOT 'Episódio de ocupação' dentro do arquétipo EVALUATION.occupation_summary, mas também pode ser usado em qualquer outro arquétipo ENTRY ou CLUSTER, onde for clinicamente apropriado.\r\n\r\nPode haver alguma sobreposição aparente ou real entre os elementos de dados neste arquétipo e os detalhes de ocupação / emprego que podem ser armazenados como detalhes demográficos em sistemas clínicos ou administrativos. Esses elementos de dados foram projetados especificamente para apoiar fins clínicos, incluindo a geração de um atestado médico para um empregador atual.",
          "misuse" : "\t\r\nNão deve ser usado para gravar alterações ou episódios temporários em um registro único de ocupação, como estar de licença. Isso está fora do escopo desse arquétipo e deve fazer parte do sistema de recursos humanos de um empregador.\r\n\r\nNão deve ser usado para descrições detalhadas de riscos para a saúde ou exposição a substâncias perigosas no local de trabalho. Use os arquétipos EVALUATION.health_risk ou EVALUATION.exposure para essa finalidade.\r\n\r\nNão deve ser usado para registrar informações sobre fontes de renda ou detalhes de renda da pessoa. Use o arquétipo EVALUATION.income_summary para esse fim.\r\n\r\nNão deve ser usado para registrar informações sobre a ocupação de um indivíduo em um momento específico (por exemplo, em 16 de junho de 2014) ou durante um intervalo de tempo relativo (por exemplo, 'nos últimos 30 dias'). Use um arquétipo do tipo OBSERVATION para esse fim.",
          "originalResourceUri" : { },
          "otherDetails" : { }
        },
        "nb" : {
          "@type" : "RESOURCE_DESCRIPTION_ITEM",
          "language" : {
            "terminologyId" : {
              "value" : "ISO_639-1"
            },
            "codeString" : "nb"
          },
          "purpose" : "For å registrere detaljert informasjon om en jobb eller rolle individet har, eller har hatt i en spesifisert tidsperiode.",
          "keywords" : [ "arbeid", "arbeidstaker", "arbeidsgiver", "arbeidsforhold", "arbeidshistorikk", "jobb", "ansatt", "yrke", "arbeidsløs", "studerer", "student", "elev", "trygdet", "ufør", "arbeidssituasjon", "erverv", "yrkestilknytning", "pensjon", "pensjonist", "attføring", "bransje", "arbeidsledig", "hjemmeværende", "stilling", "profesjon", "frivillig", "vernepliktig", "sektor", "næring", "verv" ],
          "use" : "Brukes for å registrere detaljert informasjon om en jobb eller rolle individet har, eller har hatt i en spesifisert tidsperiode.\r\n\r\nArketypen omfatter alle typer arbeid eller aktiviteter individet har eller har hatt. For eksempel: En/et betalt eller ubetalt jobb/arbeid/verv, samt ulike roller som for eksempel pensjonist, hjemmeværende eller student.\r\n\r\nVed å benytte denne arketypen til gjentatte registreringer, vil en få fram en historisk oversikt over nåværende og tidligere arbeidsforhold /roller et individ har eller har hatt.\r\n\r\nEt aktivt, nåværende arbeidsforhold/roller kan bli utledet fra \"Dato for oppstart\" hvis det ikke er registrert noe i \"Dato for opphør\".\r\n\r\nEt individ kan ha mange samtidige arbeidsforhold/rolle, og de kan hver for seg være betalt eller ubetalt. Hvert slik arbeidsforhold registreres i egne instanser av denne arketypen.\r\n\r\nHvis detaljer om et arbeidsforhold/rolle endrer seg vesentlig, som forandring av tittel eller stillingsprosent, registreres dette i egne instanser av denne arketypen.\r\n\r\nArketypen er laget for å benyttes i SLOTet \"Arbeidsepisode\" i arketypen EVALUATION.occupation_summary (Arbeidssammendrag), men kan også brukes innen andre ENTRY- eller CLUSTER-arketyper der det er klinisk relevant.\r\n\r\nDet kan fremstå som å være overlapp, reell eller tilsynelatende, mellom dataelementene i denne arketypen og demografiske opplysninger om sysselsetting/arbeidsforhold andre steder i kliniske systemer. Dataelementene i denne arketypen er laget spesifikt for å støtte kliniske bruksområder, inkludert sykemeldinger eller legeerklæringer.",
          "misuse" : "Brukes ikke for å registrere midlertidige endringer eller episoder innen en enkelt arbeidsepisode, som å være i permisjon. Dette er ikke innenfor anvendelsesområdet for denne arketypen, og skal registreres i et personal- eller HR-system.\r\n\r\nBrukes ikke for å beskrive helserisikoer eller eksponering for farlige substanser i arbeidssituasjonen. Til dette brukes henholdsvis arketypene EVALUATION.health_risk (Helserisiko) eller EVALUATION.exposure.\r\n\r\nBrukes ikke for å registrere informasjon om individets inntektskilder eller detaljer om inntekt. Bruk arketypen EVALUATION.income_summary for dette formålet.\r\n\r\nBrukes ikke for å registrere informasjon om arbeid /rolle for et individ på en bestemt dato (for eksempel 16. juni 2014) eller i løpet av en relativ tidsperiode, som for eksempel \"siste 30 dager\". Dette kan utledes fra \"Dato for oppstart\" hvis det ikke er registrert noe i \"Dato for opphør\", og må registreres i en egen OBSERVATION-arketype for dette formålet.",
          "copyright" : "© Australian Digital Health Agency, openEHR Foundation, Nasjonal IKT HF",
          "originalResourceUri" : { },
          "otherDetails" : { }
        },
        "pt-br" : {
          "@type" : "RESOURCE_DESCRIPTION_ITEM",
          "language" : {
            "terminologyId" : {
              "value" : "ISO_639-1"
            },
            "codeString" : "pt-br"
          },
          "purpose" : "Registrar detalhes sobre um único trabalho ou função executada por um indivíduo durante um período especificado.",
          "keywords" : [ "emprego", "Empregador", "trabalho", "ocupação", "trabalhos", "profissão", "desempregado", "empregado", "desemprego", "estudante", "aluno", "setor", "profissão", "voluntário", "vocação", "comércio", "trabalhador", "posição" ],
          "use" : "Use para registrar detalhes sobre um único trabalho ou função realizada por uma pessoa durante um período especificado.\r\n\r\nO escopo deste arquétipo inclui todas as ocupações ou atividades realizadas por um indivíduo. Por exemplo: um trabalho remunerado ou emprego; trabalho não remunerado de qualquer tipo, como uma posição de voluntário; ou papéis como aposentado ou aluno.\r\n\r\nVárias instâncias desse arquétipo capturadas ao longo do tempo resultarão na agregação de um histórico de trabalhos e / ou funções anteriores e atuais.\r\n\r\nUma ocupação ativa ou atual pode estar implícita a partir de uma 'Data de início', mas não pela 'Data de encerramento'.\r\n\r\nUm indivíduo pode realizar ocupações simultâneas, cada uma das quais podendo ser remuneradas ou não. Cada ocupação deve ser registrada em uma instância separada desse arquétipo.\r\n\r\nSe os atributos de ocupação mudarem significativamente, como uma mudança de função / título ou número de horas, isso deverá ser registrado como uma instância separada desse arquétipo.\r\n\r\nEsse arquétipo foi projetado especificamente para ser usado no SLOT 'Episódio de ocupação' dentro do arquétipo EVALUATION.occupation_summary, mas também pode ser usado em qualquer outro arquétipo ENTRY ou CLUSTER, onde for clinicamente apropriado.\r\n\r\nPode haver alguma sobreposição aparente ou real entre os elementos de dados neste arquétipo e os detalhes de ocupação / emprego que podem ser armazenados como detalhes demográficos em sistemas clínicos ou administrativos. Esses elementos de dados foram projetados especificamente para apoiar fins clínicos, incluindo a geração de um atestado médico para um empregador atual.",
          "misuse" : "Não deve ser usado para gravar alterações ou episódios temporários em um registro único de ocupação, como estar de licença. Isso está fora do escopo desse arquétipo e deve fazer parte do sistema de recursos humanos de um empregador.\r\n\r\nNão deve ser usado para descrições detalhadas de riscos para a saúde ou exposição a substâncias perigosas no local de trabalho. Use os arquétipos EVALUATION.health_risk ou EVALUATION.exposure para essa finalidade.\r\n\r\nNão deve ser usado para registrar informações sobre fontes de renda ou detalhes de renda da pessoa. Use o arquétipo EVALUATION.income_summary para esse fim.\r\n\r\nNão deve ser usado para registrar informações sobre a ocupação de um indivíduo em um momento específico (por exemplo, em 16 de junho de 2014) ou durante um intervalo de tempo relativo (por exemplo, 'nos últimos 30 dias'). Use um arquétipo do tipo OBSERVATION para esse fim.",
          "originalResourceUri" : { },
          "otherDetails" : { }
        },
        "en" : {
          "@type" : "RESOURCE_DESCRIPTION_ITEM",
          "language" : {
            "terminologyId" : {
              "value" : "ISO_639-1"
            },
            "codeString" : "en"
          },
          "purpose" : "To record details about a single job or role carried out by an individual during a specified period of time.",
          "keywords" : [ "employment", "employer", "job", "occupation", "work", "profession", "unemployed", "employee", "unemployment", "studying", "employed", "student", "sector", "profession", "volunteer", "vocation", "trade", "worker", "volunteer", "position" ],
          "use" : "Use to record details about a single job or role carried out by an individual during a specified period of time. \r\n\r\nThe scope of this archetype is inclusive of all occupations or activities undertaken by an individual. For example: a paid job or employment; unpaid work of any type such as a volunteer position; or roles such as being retired or a student. \r\n\r\nMultiple instances of this archetype captured over time will result in the aggregation of a history of past and present jobs and/or roles.\r\n\r\nAn active, or current occupation may be implied from a 'Date commenced' but no 'Date ceased'. \r\n\r\nAn individual may carry out many simultaneous occupations, each of which may be paid or unpaid. Each occupation should be recorded in a separate instance of this archetype.\r\n\r\nIf occupation attributes change significantly, such as a change of role/title or number of hours, then this should be recorded as a separate instance of this archetype.\r\n\r\nThis archetype has been specifically designed to be used in the 'Occupation episode' SLOT within the EVALUATION.occupation_summary archetype, but can also be used within any other ENTRY or CLUSTER archetypes, where clinically appropriate.\r\n\r\nThere may be some apparent or real overlap between the data elements in this archetype and occupation/employment details that may be stored as demographic details in clinical or administrative systems. These data elements have been designed specifically to support clinical purposes including generation of a medical certificate to a current employer.",
          "misuse" : "Not to be used to record temporary changes or episodes within a single occupation record, such as being on leave. This is out of scope for this archetype and should be part of an employer's human relations system.\r\n\r\nNot to be used for detailed descriptions of health risks or exposure to hazardous substances in the workplace. Use the archetypes EVALUATION.health_risk or EVALUATION.exposure for this purpose.\r\n\r\nNot to be used to record information about sources of income or income details for the individual. Use the EVALUATION.income_summary archetype for this purpose.\r\n\r\nNot to be used to record information about the occupation of an individual at a specific point in time (for example, on June 16, 2014) or during a relative interval of time (for example 'in the past 30 days'. Use an appropriate OBSERVATION archetype for this purpose.",
          "copyright" : "© Australian Digital Health Agency, openEHR Foundation, Nasjonal IKT HF",
          "originalResourceUri" : { },
          "otherDetails" : { }
        },
        "it" : {
          "@type" : "RESOURCE_DESCRIPTION_ITEM",
          "language" : {
            "terminologyId" : {
              "value" : "ISO_639-1"
            },
            "codeString" : "it"
          },
          "purpose" : "Registrare i dettagli della singola professione svolta o ruolo ricoperto da un individuo durante un determinato periodo di tempo.",
          "keywords" : [ "lavoro, impiego, datore di lavoro, occupazione, disoccupazione, professione, disoccupato, occupato, dipendente, impiegato, studente, settore, volontario, vocazione, mestiere, lavoratore, posizione" ],
          "use" : "Usato per registrare i dettagli della singola professione svolta o ruolo ricoperto da un individuo durante un determinato periodo di tempo.\r\n\r\nL'ambito di questo archetipo comprende tutte le occupazioni o attività svolte da un individuo. Ad esempio: un lavoro o impiego retribuiti; un qualsiasi lavoro non retribuito, come un'attività di volontariato; o ruoli come essere in pensione o uno studente. \r\n\r\nPiù istanze di questo archetipo catturate nel tempo possono essere aggregate per costruire la storia occupazionale di un individuo, che comprende occupazioni e ruoli passati e presenti.\r\n\r\nÈ possibile dedurre se l'occupazione sia attiva/corrente se è presente una 'Data di inizio' ma non una 'Data di cessazione'.\r\n\r\nUn individuo può avere più occupazioni contemporaneamente, ciascuna delle quali può essere retribuita o meno. Ogni occupazione dovrebbe essere registrata in una istanza separata di questo archetipo. \r\n\r\nSe i dettagli dell'occupazione cambiano significativamente, ad esempio in caso di modifica del ruolo/titolo o numero di ore, questo dovrebbe corrispondere ad un'istanza separata di questo archetipo.\r\n\r\nQuesto archetipo è stato sviluppato per essere usato nello SLOT 'Episodio lavorativo' all'interno dell'archetipo EVALUATION.occupation_summary, ma è possibile utilizzarlo all'interno di altri archetipi di tipo ENTRY o CLUSTER quando clinicamente appropriato. \r\n\r\nCi potrebbe essere una sovrapposizione, apparente o reale, tra i dati all'interno di questo archetipo e i dettegli sull'occupazione/impiego memorizzati come informazioni demografiche all'interno di sistemi clinici o amministrativi.  I contenuti sono stati espressamente progettati per supportare l'attività clinica, compresa la generazione di certificati medici per un datore di lavoro.",
          "misuse" : "Non utilizzare per memorizzare cambiamenti o episodi temporanei all'interno di un singolo record di occupazione, come ad esempio essere in congedo. Questo non rientra nello scopo dell'archetipo e dovrebbe far parte del sistema di gestione delle risorse umane del datore di lavoro. \r\n\r\nNon utilizzare per descrizioni dettagliate dei rischi per la salute o dell'esposizione a sostanze pericolose nel luogo di lavoro. Utilizzare invece gli archetipi EVALUATION.health_risk o EVALUATION.exposure.\r\n\r\nNon utilizzare per memorizzare informazioni sulle fonti o dettagli del reddito dell'individuo. Per questo scopo, utilizzare l'archetipo EVALUATION.income_summary.\r\n\r\nNon utilizzare per memorizzare informazioni sull'occupazione di un individuo in uno specifico punto nel tempo (ad esempio, il 16 giugno 2014) o durante un intervallo di tempo (ad esempio 'negli ultimi 30 giorni'). Per questo scopo, usare un appropriato archetipo di tipo OBSERVATION. ",
          "originalResourceUri" : { },
          "otherDetails" : { }
        },
        "fr" : {
          "@type" : "RESOURCE_DESCRIPTION_ITEM",
          "language" : {
            "terminologyId" : {
              "value" : "ISO_639-1"
            },
            "codeString" : "fr"
          },
          "purpose" : "Un travail ou un rôle unique exercé par un individu pendant une période de temps déterminée.",
          "keywords" : [ "emploi", "employeur", "emploi", "Occupation", "travail", "profession", "sans emploi", "employé", "chômage", "en train d'étudier", "employé", "étudiant", "secteur", "profession", "bénévole", "vocation", "Commerce", "ouvrier", "bénévole", "position" ],
          "use" : "*Use to record details about a single job or role carried out by an individual during a specified period of time. \r\n\r\nThe scope of this archetype is inclusive of all occupations or activities undertaken by an individual. For example: a paid job or employment; unpaid work of any type such as a volunteer position; or roles such as being retired or a student. \r\n\r\nMultiple instances of this archetype captured over time will result in the aggregation of a history of past and present jobs and/or roles.\r\n\r\nAn active, or current occupation may be implied from a 'Date commenced' but no 'Date ceased'. \r\n\r\nAn individual may carry out many simultaneous occupations, each of which may be paid or unpaid. Each occupation should be recorded in a separate instance of this archetype.\r\n\r\nIf occupation attributes change significantly, such as a change of role/title or number of hours, then this should be recorded as a separate instance of this archetype.\r\n\r\nThis archetype has been specifically designed to be used in the 'Occupation episode' SLOT within the EVALUATION.occupation_summary archetype, but can also be used within any other ENTRY or CLUSTER archetypes, where clinically appropriate.\r\n\r\nThere may be some apparent or real overlap between the data elements in this archetype and occupation/employment details that may be stored as demographic details in clinical or administrative systems. These data elements have been designed specifically to support clinical purposes including generation of a medical certificate to a current employer.(en)",
          "misuse" : "*Not to be used to record temporary changes or episodes within a single occupation record, such as being on leave. This is out of scope for this archetype and should be part of an employer's human relations system.\r\n\r\nNot to be used for detailed descriptions of health risks or exposure to hazardous substances in the workplace. Use the archetypes EVALUATION.health_risk or EVALUATION.exposure for this purpose.\r\n\r\nNot to be used to record information about sources of income or income details for the individual. Use the EVALUATION.income_summary archetype for this purpose.\r\n\r\nNot to be used to record information about the occupation of an individual at a specific point in time (for example, on June 16, 2014) or during a relative interval of time (for example 'in the past 30 days'. Use an appropriate OBSERVATION archetype for this purpose.(en)",
          "originalResourceUri" : { },
          "otherDetails" : { }
        },
        "es" : {
          "@type" : "RESOURCE_DESCRIPTION_ITEM",
          "language" : {
            "terminologyId" : {
              "value" : "ISO_639-1"
            },
            "codeString" : "es"
          },
          "purpose" : "Para registrar detalles sobre un trabajo o rol llevado a cabo por un individuo durante un periodo de tiempo especificado.",
          "keywords" : [ "empleo", "empleador", "trabajo", "ocupación", "tarea", "profesión", "desempleado", "empleado", "desempleo", "estudiando", "empleado", "estudiante", "sector", "profesión", "voluntario", "vocación", "comercio", "trabajador", "voluntario", "cargo" ],
          "use" : "Usar para registrar detalles sobre un trabajo o rol particular llevado a cabo por un individuo durante un periodo de tiempo especificado.\r\n\r\nEl alcance de este arquetipo incluye todos los empleos o actividades llevadas a cabo por el individuo. Por ejemplo: Un trabajo o empleo pagado; trabajo no remunerado de cualquier tipo como voluntario; o roles tales como estar jubilado o ser estudiante.\r\n\r\nMúltiples instancias de este arquetipo capturadas a lo largo del tiempo resultarán en una agregación de un histórico de trabajos y/o roles presentes o pasados.\r\n\r\nUn trabajo actual puede deducirse de la 'Fecha empezado' pero no de la 'Fecha finalizado'.\r\n\r\nUn individuo puede llevar a cabo muchas ocupaciones al mismo tiempo, las cuales pueden ser remuneradas o no remuneradas. Cada ocupación debería de ser registrada en una instancia separada de este arquetipo.\r\n\r\nSi los atributos de la ocupación cambian significativamente, tales como cambios en el título/rol o el número de horas, éstas se deberían de registrar en una instancia separada de este arquetipo.\r\n\r\nEste arquetipo ha sido específicamente diseñado para ser usado en el SLOT de 'Episodio de ocupación' dentro del arquetipo EVALUATION.occupation_summary, pero también puede ser usado dentro de cualquier otro arquetipo ENTRY o CLUSTER, cuando sea clínicamente apropiado.\r\n\r\nPuede haber una superposición aparente o real entre los elementos de datos en este arquetipo y detalles sobre la ocupación/empleo que puedan haber sido incluidos como detalles demográficos en sistemas clínicos o administrativos. Estos elementos de datos se han diseñado específicamente para dar soporte a propósitos clínicos como puede ser la generación de un certificado médico para el empleador actual.",
          "misuse" : "No debe ser usado para registrar cambios temporales o episodios dentro de un único registro ocupacional, tales como estar de baja. Esto está fuera del alcance de este arquetipo y debería ser parte de un sistema de recursos humanos del empleador.\r\n\r\nNo debe ser usado para una descripción detallada de los riesgos de salud o exposición a sustancias nocivas en el lugar de trabajo. Para este propósito use los arquetipos EVALUATION.health_risk o EVALUATION.exposure.\r\n\r\nNo debe ser usado para registrar información sobre fuentes o detalles de ingresos de un individuo. Para este propósito use el arquetipo EVALUATION.income_summary.\r\n\r\nNo debe ser usado para registrar información sobre la ocupación de un individuo en un punto concreto de tiempo (por ejemplo, el 16 de Junio de 2014) o durante un periodo de tiempo relativo (por ejemplo 'durante los últimos 30 días'). Para este propósito use un arquetipo OBSERVATION adecuado.",
          "originalResourceUri" : { },
          "otherDetails" : { }
        }
      }
    },
    "parentArchetypeId" : "openEHR-EHR-CLUSTER.occupation_record.v1",
    "differential" : true,
    "archetypeId" : {
      "@type" : "ARCHETYPE_HRID",
      "value" : "openEHR-EHR-CLUSTER.ovl-occupation_record-001.v1"
    },
    "definition" : {
      "@type" : "C_COMPLEX_OBJECT",
      "rmTypeName" : "CLUSTER",
      "nodeId" : "at0000.1",
      "attributes" : [ {
        "@type" : "C_ATTRIBUTE",
        "rmAttributeName" : "items",
        "children" : [ {
          "@type" : "C_COMPLEX_OBJECT",
          "rmTypeName" : "ELEMENT",
          "nodeId" : "at0005.1",
          "attributes" : [ ],
          "attributeTuples" : [ ]
        }, {
          "@type" : "C_COMPLEX_OBJECT",
          "rmTypeName" : "ELEMENT",
          "occurrences" : "0..0",
          "nodeId" : "at0016.1",
          "attributes" : [ ],
          "attributeTuples" : [ ]
        }, {
          "@type" : "C_COMPLEX_OBJECT",
          "rmTypeName" : "ELEMENT",
          "occurrences" : "0..0",
          "nodeId" : "at0007.1",
          "attributes" : [ ],
          "attributeTuples" : [ ]
        }, {
          "@type" : "C_COMPLEX_OBJECT",
          "rmTypeName" : "ELEMENT",
          "occurrences" : "0..0",
          "nodeId" : "at0001.1",
          "attributes" : [ ],
          "attributeTuples" : [ ]
        }, {
          "@type" : "C_COMPLEX_OBJECT",
          "rmTypeName" : "ELEMENT",
          "occurrences" : "0..0",
          "nodeId" : "at0013.1",
          "attributes" : [ {
            "@type" : "C_ATTRIBUTE",
            "rmAttributeName" : "value",
            "children" : [ {
              "@type" : "C_COMPLEX_OBJECT",
              "rmTypeName" : "DV_PROPORTION",
              "attributes" : [ {
                "@type" : "C_ATTRIBUTE",
                "rmAttributeName" : "numerator",
                "children" : [ {
                  "@type" : "C_REAL",
                  "rmTypeName" : "Real",
                  "occurrences" : "1..1",
                  "constraint" : [ {
                    "lower" : 0.0,
                    "lowerIncluded" : true,
                    "upperIncluded" : false,
                    "upperUnbounded" : true,
                    "lowerUnbounded" : false
                  } ]
                } ]
              }, {
                "@type" : "C_ATTRIBUTE",
                "rmAttributeName" : "type",
                "children" : [ {
                  "@type" : "C_INTEGER",
                  "rmTypeName" : "Integer",
                  "occurrences" : "1..1",
                  "constraint" : [ {
                    "lower" : 1,
                    "upper" : 1,
                    "lowerIncluded" : true,
                    "upperIncluded" : true,
                    "upperUnbounded" : false,
                    "lowerUnbounded" : false
                  }, {
                    "lower" : 2,
                    "upper" : 2,
                    "lowerIncluded" : true,
                    "upperIncluded" : true,
                    "upperUnbounded" : false,
                    "lowerUnbounded" : false
                  } ]
                } ]
              } ],
              "attributeTuples" : [ ]
            }, {
              "@type" : "C_COMPLEX_OBJECT",
              "rmTypeName" : "DV_CODED_TEXT",
              "attributes" : [ {
                "@type" : "C_ATTRIBUTE",
                "rmAttributeName" : "defining_code",
                "children" : [ {
                  "@type" : "C_TERMINOLOGY_CODE",
                  "rmTypeName" : "CODE_PHRASE",
                  "occurrences" : "1..1",
                  "terminologyId" : {
                    "value" : "local"
                  },
                  "constraint" : [ "at0020", "at0021" ]
                } ]
              } ],
              "attributeTuples" : [ ]
            } ]
          } ],
          "attributeTuples" : [ ]
        }, {
          "@type" : "C_COMPLEX_OBJECT",
          "rmTypeName" : "ELEMENT",
          "occurrences" : "0..0",
          "nodeId" : "at0019.1",
          "attributes" : [ {
            "@type" : "C_ATTRIBUTE",
            "rmAttributeName" : "value",
            "children" : [ {
              "@type" : "C_COMPLEX_OBJECT",
              "rmTypeName" : "DV_QUANTITY",
              "attributes" : [ ],
              "attributeTuples" : [ {
                "@type" : "C_ATTRIBUTE_TUPLE",
                "members" : [ {
                  "@type" : "C_ATTRIBUTE",
                  "rmAttributeName" : "magnitude",
                  "children" : [ ]
                }, {
                  "@type" : "C_ATTRIBUTE",
                  "rmAttributeName" : "units",
                  "children" : [ ]
                }, {
                  "@type" : "C_ATTRIBUTE",
                  "rmAttributeName" : "precision",
                  "children" : [ ]
                } ],
                "tuples" : [ {
                  "@type" : "C_PRIMITIVE_TUPLE",
                  "members" : [ {
                    "@type" : "C_REAL",
                    "constraint" : [ {
                      "lower" : 0.0,
                      "lowerIncluded" : true,
                      "upperIncluded" : false,
                      "upperUnbounded" : true,
                      "lowerUnbounded" : false
                    } ]
                  }, {
                    "@type" : "C_STRING",
                    "constraint" : [ "h/d" ]
                  }, {
                    "@type" : "C_INTEGER",
                    "constraint" : [ {
                      "lower" : 2,
                      "upper" : 2,
                      "lowerIncluded" : true,
                      "upperIncluded" : true,
                      "upperUnbounded" : false,
                      "lowerUnbounded" : false
                    } ]
                  } ]
                }, {
                  "@type" : "C_PRIMITIVE_TUPLE",
                  "members" : [ {
                    "@type" : "C_REAL",
                    "constraint" : [ {
                      "lower" : 0.0,
                      "lowerIncluded" : true,
                      "upperIncluded" : false,
                      "upperUnbounded" : true,
                      "lowerUnbounded" : false
                    } ]
                  }, {
                    "@type" : "C_STRING",
                    "constraint" : [ "h/wk" ]
                  }, {
                    "@type" : "C_INTEGER",
                    "constraint" : [ {
                      "lower" : 2,
                      "upper" : 2,
                      "lowerIncluded" : true,
                      "upperIncluded" : true,
                      "upperUnbounded" : false,
                      "lowerUnbounded" : false
                    } ]
                  } ]
                }, {
                  "@type" : "C_PRIMITIVE_TUPLE",
                  "members" : [ {
                    "@type" : "C_REAL",
                    "constraint" : [ {
                      "lower" : 0.0,
                      "lowerIncluded" : true,
                      "upperIncluded" : false,
                      "upperUnbounded" : true,
                      "lowerUnbounded" : false
                    } ]
                  }, {
                    "@type" : "C_STRING",
                    "constraint" : [ "h/mo" ]
                  }, {
                    "@type" : "C_INTEGER",
                    "constraint" : [ {
                      "lower" : 2,
                      "upper" : 2,
                      "lowerIncluded" : true,
                      "upperIncluded" : true,
                      "upperUnbounded" : false,
                      "lowerUnbounded" : false
                    } ]
                  } ]
                }, {
                  "@type" : "C_PRIMITIVE_TUPLE",
                  "members" : [ {
                    "@type" : "C_REAL",
                    "constraint" : [ {
                      "lower" : 0.0,
                      "lowerIncluded" : true,
                      "upperIncluded" : false,
                      "upperUnbounded" : true,
                      "lowerUnbounded" : false
                    } ]
                  }, {
                    "@type" : "C_STRING",
                    "constraint" : [ "h/a" ]
                  }, {
                    "@type" : "C_INTEGER",
                    "constraint" : [ {
                      "lower" : 2,
                      "upper" : 2,
                      "lowerIncluded" : true,
                      "upperIncluded" : true,
                      "upperUnbounded" : false,
                      "lowerUnbounded" : false
                    } ]
                  } ]
                }, {
                  "@type" : "C_PRIMITIVE_TUPLE",
                  "members" : [ {
                    "@type" : "C_REAL",
                    "constraint" : [ {
                      "lower" : 0.0,
                      "lowerIncluded" : true,
                      "upperIncluded" : false,
                      "upperUnbounded" : true,
                      "lowerUnbounded" : false
                    } ]
                  }, {
                    "@type" : "C_STRING",
                    "constraint" : [ "d/wk" ]
                  }, {
                    "@type" : "C_INTEGER",
                    "constraint" : [ {
                      "lower" : 2,
                      "upper" : 2,
                      "lowerIncluded" : true,
                      "upperIncluded" : true,
                      "upperUnbounded" : false,
                      "lowerUnbounded" : false
                    } ]
                  } ]
                }, {
                  "@type" : "C_PRIMITIVE_TUPLE",
                  "members" : [ {
                    "@type" : "C_REAL",
                    "constraint" : [ {
                      "lower" : 0.0,
                      "lowerIncluded" : true,
                      "upperIncluded" : false,
                      "upperUnbounded" : true,
                      "lowerUnbounded" : false
                    } ]
                  }, {
                    "@type" : "C_STRING",
                    "constraint" : [ "d/mo" ]
                  }, {
                    "@type" : "C_INTEGER",
                    "constraint" : [ {
                      "lower" : 2,
                      "upper" : 2,
                      "lowerIncluded" : true,
                      "upperIncluded" : true,
                      "upperUnbounded" : false,
                      "lowerUnbounded" : false
                    } ]
                  } ]
                }, {
                  "@type" : "C_PRIMITIVE_TUPLE",
                  "members" : [ {
                    "@type" : "C_REAL",
                    "constraint" : [ {
                      "lower" : 0.0,
                      "lowerIncluded" : true,
                      "upperIncluded" : false,
                      "upperUnbounded" : true,
                      "lowerUnbounded" : false
                    } ]
                  }, {
                    "@type" : "C_STRING",
                    "constraint" : [ "wk/mo" ]
                  }, {
                    "@type" : "C_INTEGER",
                    "constraint" : [ {
                      "lower" : 2,
                      "upper" : 2,
                      "lowerIncluded" : true,
                      "upperIncluded" : true,
                      "upperUnbounded" : false,
                      "lowerUnbounded" : false
                    } ]
                  } ]
                }, {
                  "@type" : "C_PRIMITIVE_TUPLE",
                  "members" : [ {
                    "@type" : "C_REAL",
                    "constraint" : [ {
                      "lower" : 0.0,
                      "lowerIncluded" : true,
                      "upperIncluded" : false,
                      "upperUnbounded" : true,
                      "lowerUnbounded" : false
                    } ]
                  }, {
                    "@type" : "C_STRING",
                    "constraint" : [ "d/a" ]
                  }, {
                    "@type" : "C_INTEGER",
                    "constraint" : [ {
                      "lower" : 2,
                      "upper" : 2,
                      "lowerIncluded" : true,
                      "upperIncluded" : true,
                      "upperUnbounded" : false,
                      "lowerUnbounded" : false
                    } ]
                  } ]
                }, {
                  "@type" : "C_PRIMITIVE_TUPLE",
                  "members" : [ {
                    "@type" : "C_REAL",
                    "constraint" : [ {
                      "lower" : 0.0,
                      "lowerIncluded" : true,
                      "upperIncluded" : false,
                      "upperUnbounded" : true,
                      "lowerUnbounded" : false
                    } ]
                  }, {
                    "@type" : "C_STRING",
                    "constraint" : [ "wk/a" ]
                  }, {
                    "@type" : "C_INTEGER",
                    "constraint" : [ {
                      "lower" : 2,
                      "upper" : 2,
                      "lowerIncluded" : true,
                      "upperIncluded" : true,
                      "upperUnbounded" : false,
                      "lowerUnbounded" : false
                    } ]
                  } ]
                }, {
                  "@type" : "C_PRIMITIVE_TUPLE",
                  "members" : [ {
                    "@type" : "C_REAL",
                    "constraint" : [ {
                      "lower" : 0.0,
                      "lowerIncluded" : true,
                      "upperIncluded" : false,
                      "upperUnbounded" : true,
                      "lowerUnbounded" : false
                    } ]
                  }, {
                    "@type" : "C_STRING",
                    "constraint" : [ "mo/a" ]
                  }, {
                    "@type" : "C_INTEGER",
                    "constraint" : [ {
                      "lower" : 2,
                      "upper" : 2,
                      "lowerIncluded" : true,
                      "upperIncluded" : true,
                      "upperUnbounded" : false,
                      "lowerUnbounded" : false
                    } ]
                  } ]
                } ]
              } ]
            } ]
          } ],
          "attributeTuples" : [ ]
        }, {
          "@type" : "C_COMPLEX_OBJECT",
          "rmTypeName" : "ELEMENT",
          "occurrences" : "0..0",
          "nodeId" : "at0002.1",
          "attributes" : [ ],
          "attributeTuples" : [ ]
        }, {
          "@type" : "C_COMPLEX_OBJECT",
          "rmTypeName" : "ELEMENT",
          "occurrences" : "0..0",
          "nodeId" : "at0006.1",
          "attributes" : [ ],
          "attributeTuples" : [ ]
        }, {
          "@type" : "C_COMPLEX_OBJECT",
          "rmTypeName" : "ELEMENT",
          "occurrences" : "0..0",
          "nodeId" : "at0008.1",
          "attributes" : [ ],
          "attributeTuples" : [ ]
        }, {
          "@type" : "C_COMPLEX_OBJECT",
          "rmTypeName" : "ELEMENT",
          "occurrences" : "0..0",
          "nodeId" : "at0014.1",
          "attributes" : [ ],
          "attributeTuples" : [ ]
        } ]
      } ],
      "attributeTuples" : [ ]
    },
    "terminology" : {
      "@type" : "ARCHETYPE_TERMINOLOGY",
      "conceptCode" : "at0000",
      "termDefinitions" : {
        "en" : { },
        "nb" : {
          "at0005.1" : {
            "@type" : "ARCHETYPE_TERM",
            "code" : "at0005",
            "text" : "Tittel/rolle",
            "description" : "Stillingstittel eller betegnelse for dette arbeidsforholdet/rollen/vervet."
          }
        },
        "it" : { },
        "es" : { },
        "de" : { },
        "fr" : { },
        "pt-br" : { },
        "pt" : { },
        "sv" : { }
      },
      "termBindings" : { },
      "terminologyExtracts" : { },
      "valueSets" : { }
    },
    "adlVersion" : "1.4",
    "buildUid" : "303944fe-e646-4238-9026-da2addbc4d58",
    "rmName" : "openehr",
    "rmRelease" : "1.1.0",
    "generated" : true,
    "otherMetaData" : { },
    "originalLanguage" : {
      "terminologyId" : {
        "value" : "ISO_639-1"
      },
      "codeString" : "en"
    },
    "translations" : [ {
      "@type" : "TRANSLATION_DETAILS",
      "language" : {
        "terminologyId" : {
          "value" : "ISO_639-1"
        },
        "codeString" : "de"
      },
      "author" : {
        "name" : "Natalia Strauch",
        "organisation" : "Medizinische Hochschule Hannover",
        "email" : "Strauch.Natalia@mh-hannover.de"
      },
      "otherDetails" : { }
    }, {
      "@type" : "TRANSLATION_DETAILS",
      "language" : {
        "terminologyId" : {
          "value" : "ISO_639-1"
        },
        "codeString" : "sv"
      },
      "author" : {
        "name" : "Therese Lindberg",
        "organisation" : "Cambio CDS",
        "email" : "therese.lindberg@cambio.se"
      },
      "otherDetails" : { }
    }, {
      "@type" : "TRANSLATION_DETAILS",
      "language" : {
        "terminologyId" : {
          "value" : "ISO_639-1"
        },
        "codeString" : "nb"
      },
      "author" : {
        "name" : "Silje Ljosland Bakke and Vebjørn Arntzen",
        "organisation" : "Nasjonal IKT HF, Oslo University Hospital",
        "email" : "silje.ljosland.bakke@nasjonalikt.no / varntzen@ous-hf.no"
      },
      "otherDetails" : { }
    }, {
      "@type" : "TRANSLATION_DETAILS",
      "language" : {
        "terminologyId" : {
          "value" : "ISO_639-1"
        },
        "codeString" : "pt"
      },
      "author" : {
        "name" : "Danielle Santos Alves",
        "organisation" : "Federal University of Pernambuco",
        "email" : "angeldannyalves@gmail.com"
      },
      "otherDetails" : { }
    }, {
      "@type" : "TRANSLATION_DETAILS",
      "language" : {
        "terminologyId" : {
          "value" : "ISO_639-1"
        },
        "codeString" : "pt-br"
      },
      "author" : {
        "name" : "Danielle Santos Alves",
        "organisation" : "Federal University of Pernambuco",
        "email" : "angeldannyalves@gmail.com"
      },
      "otherDetails" : { }
    }, {
      "@type" : "TRANSLATION_DETAILS",
      "language" : {
        "terminologyId" : {
          "value" : "ISO_639-1"
        },
        "codeString" : "it"
      },
      "author" : {
        "name" : "Cecilia Mascia",
        "organisation" : "CRS4 - Center for advanced studies, research and development in Sardinia, Pula (Cagliari), Italy",
        "email" : "ceclila.mascia@crs4.it"
      },
      "otherDetails" : { }
    }, {
      "@type" : "TRANSLATION_DETAILS",
      "language" : {
        "terminologyId" : {
          "value" : "ISO_639-1"
        },
        "codeString" : "fr"
      },
      "author" : {
        "name" : "Bassem Khouzam, Vanessa Pereira",
        "organisation" : "Medtronic, Better - Pathfinder",
        "email" : "bassem.khouzam@medtronic.com, vanessapereira@protonmail.com"
      },
      "otherDetails" : { }
    }, {
      "@type" : "TRANSLATION_DETAILS",
      "language" : {
        "terminologyId" : {
          "value" : "ISO_639-1"
        },
        "codeString" : "es"
      },
      "author" : {
        "name" : "Diego Bosca",
        "organisation" : "VeraTech for Health",
        "email" : "diebosto@veratech.es"
      },
      "otherDetails" : { }
    } ]
  }, {
    "@type" : "TEMPLATE_OVERLAY",
    "uid" : "228cf615-71de-4718-9c51-ae2f946898b2",
    "description" : {
      "@type" : "RESOURCE_DESCRIPTION",
      "originalAuthor" : { },
      "otherContributors" : [ ],
      "ipAcknowledgements" : { },
      "references" : { },
      "conversionDetails" : { },
      "otherDetails" : {
        "PARENT:MD5-CAM-1.0.1" : "b5346b61f30d70c1703aa38bd1b543cc"
      },
      "details" : {
        "nb" : {
          "@type" : "RESOURCE_DESCRIPTION_ITEM",
          "language" : {
            "terminologyId" : {
              "value" : "ISO_639-1"
            },
            "codeString" : "nb"
          },
          "purpose" : "For å registrere informasjon om en sykemelding til en person.",
          "keywords" : [ ],
          "use" : "Bruk for å registrere informasjon om en sykemelding til en person.",
          "copyright" : "© openEHR Foundation, Nasjonal IKT HF",
          "originalResourceUri" : { },
          "otherDetails" : { }
        },
        "en" : {
          "@type" : "RESOURCE_DESCRIPTION_ITEM",
          "language" : {
            "terminologyId" : {
              "value" : "ISO_639-1"
            },
            "codeString" : "en"
          },
          "purpose" : "To record information about a sick note of an individual.",
          "keywords" : [ ],
          "use" : "Use to record details about a sick note of an individual, including start and end date.\r\n\r\nThis archetype has been designed to allow to mark start- and eventually end date when an individual has a medical condition where there are indications of temporal leave from their job. It is intended to be inserted in the Additional details SLOT in CLUSTER.occupation._record or OBSERVATION.occupation_summary, or other archetypes where clinically relevant. An ongoing sickness leave can be assumed if there is a start date and no end date.\r\n\r\nIt the individuals possess multiple jobs, and it is needed to differentiate a graded sickness leave between them, use a separate instance of this archetype for each job.",
          "misuse" : "Not to be used to make a medical certificate to authorities to underpin sickness benefit. Use appropriate ADMIN Entry archetypes for this purpose.",
          "copyright" : "© openEHR Foundation, Nasjonal IKT HF",
          "originalResourceUri" : { },
          "otherDetails" : { }
        }
      }
    },
    "parentArchetypeId" : "openEHR-EHR-CLUSTER.sick_note_ous.v1",
    "differential" : true,
    "archetypeId" : {
      "@type" : "ARCHETYPE_HRID",
      "value" : "openEHR-EHR-CLUSTER.ovl-sick_note_ous-001.v1"
    },
    "definition" : {
      "@type" : "C_COMPLEX_OBJECT",
      "rmTypeName" : "CLUSTER",
      "nodeId" : "at0000.1",
      "attributes" : [ {
        "@type" : "C_ATTRIBUTE",
        "rmAttributeName" : "items",
        "children" : [ {
          "@type" : "C_COMPLEX_OBJECT",
          "rmTypeName" : "ELEMENT",
          "occurrences" : "0..0",
          "nodeId" : "at0002.1",
          "attributes" : [ ],
          "attributeTuples" : [ ]
        }, {
          "@type" : "C_COMPLEX_OBJECT",
          "rmTypeName" : "ELEMENT",
          "occurrences" : "0..0",
          "nodeId" : "at0003.1",
          "attributes" : [ {
            "@type" : "C_ATTRIBUTE",
            "rmAttributeName" : "value",
            "children" : [ {
              "@type" : "C_COMPLEX_OBJECT",
              "rmTypeName" : "DV_PROPORTION",
              "attributes" : [ {
                "@type" : "C_ATTRIBUTE",
                "rmAttributeName" : "type",
                "children" : [ {
                  "@type" : "C_INTEGER",
                  "rmTypeName" : "INTEGER",
                  "occurrences" : "1..1",
                  "constraint" : [ {
                    "lower" : 2,
                    "upper" : 2,
                    "lowerIncluded" : true,
                    "upperIncluded" : true,
                    "upperUnbounded" : false,
                    "lowerUnbounded" : false
                  } ]
                } ]
              } ],
              "attributeTuples" : [ ]
            } ]
          } ],
          "attributeTuples" : [ ]
        }, {
          "@type" : "C_COMPLEX_OBJECT",
          "rmTypeName" : "ELEMENT",
          "nodeId" : "at0004.1",
          "attributes" : [ {
            "@type" : "C_ATTRIBUTE",
            "rmAttributeName" : "value",
            "children" : [ {
              "@type" : "C_COMPLEX_OBJECT",
              "rmTypeName" : "DV_DATE_TIME",
              "attributes" : [ ],
              "attributeTuples" : [ ]
            } ]
          } ],
          "attributeTuples" : [ ]
        }, {
          "@type" : "C_COMPLEX_OBJECT",
          "rmTypeName" : "ELEMENT",
          "nodeId" : "at0001.1",
          "attributes" : [ {
            "@type" : "C_ATTRIBUTE",
            "rmAttributeName" : "value",
            "children" : [ {
              "@type" : "C_COMPLEX_OBJECT",
              "rmTypeName" : "DV_DURATION",
              "attributes" : [ {
                "@type" : "C_ATTRIBUTE",
                "rmAttributeName" : "value",
                "children" : [ {
                  "@type" : "C_DURATION",
                  "rmTypeName" : "DURATION",
                  "occurrences" : "0..1",
                  "patternedConstraint" : "PD",
                  "constraint" : [ ]
                } ]
              } ],
              "attributeTuples" : [ ]
            } ]
          } ],
          "attributeTuples" : [ ]
        }, {
          "@type" : "C_COMPLEX_OBJECT",
          "rmTypeName" : "ELEMENT",
          "occurrences" : "0..0",
          "nodeId" : "at0005.1",
          "attributes" : [ ],
          "attributeTuples" : [ ]
        } ]
      } ],
      "attributeTuples" : [ ]
    },
    "terminology" : {
      "@type" : "ARCHETYPE_TERMINOLOGY",
      "conceptCode" : "at0000",
      "termDefinitions" : {
        "en" : { },
        "nb" : {
          "at0004.1" : {
            "@type" : "ARCHETYPE_TERM",
            "code" : "at0004.1",
            "text" : "Sykemelding - fra dato",
            "description" : "Startdatoen for sykemeldingen.",
            "comment" : "Startdatoen for sykemeldingen."
          },
          "at0001.1" : {
            "@type" : "ARCHETYPE_TERM",
            "code" : "at0001",
            "text" : "Varighet",
            "description" : "Varigheten av sykemeldinsperioden til individet.",
            "comment" : "Varigheten av sykemeldinsperioden til individet."
          }
        }
      },
      "termBindings" : { },
      "terminologyExtracts" : { },
      "valueSets" : { }
    },
    "adlVersion" : "1.4",
    "buildUid" : "f6c7defb-513d-47d5-9a9c-3e473134f9f0",
    "rmName" : "openehr",
    "rmRelease" : "1.1.0",
    "generated" : true,
    "otherMetaData" : { },
    "originalLanguage" : {
      "terminologyId" : {
        "value" : "ISO_639-1"
      },
      "codeString" : "en"
    },
    "translations" : [ {
      "@type" : "TRANSLATION_DETAILS",
      "language" : {
        "terminologyId" : {
          "value" : "ISO_639-1"
        },
        "codeString" : "nb"
      },
      "author" : { },
      "otherDetails" : { }
    } ]
  } ],
  "originalLanguage" : {
    "terminologyId" : {
      "value" : "ISO_639-1"
    },
    "codeString" : "en"
  },
  "translations" : [ {
    "@type" : "TRANSLATION_DETAILS",
    "language" : {
      "terminologyId" : {
        "value" : "ISO_639-1"
      },
      "codeString" : "de"
    },
    "author" : {
      "name" : "Natalia Strauch",
      "organisation" : "Medizinische Hochschule Hannover",
      "email" : "Strauch.Natalia@mh-hannover.de"
    },
    "otherDetails" : { }
  }, {
    "@type" : "TRANSLATION_DETAILS",
    "language" : {
      "terminologyId" : {
        "value" : "ISO_639-1"
      },
      "codeString" : "nb"
    },
    "author" : {
      "name" : "Silje Ljosland Bakke",
      "organisation" : "Nasjonal IKT HF"
    },
    "otherDetails" : { }
  }, {
    "@type" : "TRANSLATION_DETAILS",
    "language" : {
      "terminologyId" : {
        "value" : "ISO_639-1"
      },
      "codeString" : "it"
    },
    "author" : {
      "name" : "Cecilia Mascia",
      "organisation" : "CRS4 - Center for advanced studies, research and development in Sardinia, Pula (Cagliari), Italy",
      "email" : "cecilia.mascia@crs4.it"
    },
    "otherDetails" : { }
  } ]
}