{
  "@type" : "TEMPLATE",
  "uid" : "a3223b62-18ad-4cf3-a64f-ce26dfa21643",
  "description" : {
    "@type" : "RESOURCE_DESCRIPTION",
    "originalAuthor" : {
      "date" : "2024-10-10",
      "name" : "Liv Laugen",
      "organisation" : "OUS / NRUA"
    },
    "otherContributors" : [ ],
    "lifecycleState" : {
      "codeString" : "unmanaged"
    },
    "ipAcknowledgements" : { },
    "references" : { },
    "conversionDetails" : { },
    "otherDetails" : {
      "licence" : "This work is licensed under the Creative Commons Attribution-ShareAlike 4.0 International License. To view a copy of this license, visit http://creativecommons.org/licenses/by-sa/4.0/.",
      "custodian_organisation" : "openEHR Foundation",
      "original_namespace" : "org.openehr",
      "original_publisher" : "openEHR Foundation",
      "custodian_namespace" : "org.openehr",
      "MD5-CAM-1.0.1" : "d32b3c130ac755dd6f857192ffe49a90",
      "PARENT:MD5-CAM-1.0.1" : "F860292F286ADCAE2E776F553F9D4397",
      "sem_ver" : "4.0.0",
      "build_uid" : "",
      "original_language" : "ISO_639-1::nb"
    },
    "details" : {
      "nb" : {
        "@type" : "RESOURCE_DESCRIPTION_ITEM",
        "language" : {
          "terminologyId" : {
            "value" : "ISO_639-1"
          },
          "codeString" : "nb"
        },
        "purpose" : "For å registrere om et individ har ansvar/omsorg for mindreårige barn og andre individer over 18 år i forbindelse med prosjektet Strukturert Kreftjournal.",
        "keywords" : [ "Omsorg, verge" ],
        "use" : "Brukes for å registrere kartleggingsspørsmål om et individ har ansvar/omsorg for mindreårige barn og andre individer over 18 år i forbindelse med prosjektet Strukturert Kreftjournal.\n\nDette templatet vil bli brukt i prosjektet Strukturert Kreftjournal under sosialanamnese.\n\nArketypen Kartleggingsspørsmål om sosiale forhold (openEHR-EHR-OBSERVATION.social_context_screening.v1) er benyttet med to spørsmål, ett for om pasienten har ansvar for barn under 18 år og et spørsmål for om pasienten har ansvar for egne barn/andre over 18 år. \n\nSmåtemplatet med det standardiserte verdisettet kan benyttes utenfor Strukturert kreftjournal hvor det lagres data om kartleggingsspørsmål om omsorgsansvar.",
        "originalResourceUri" : { },
        "otherDetails" : { }
      },
      "en" : {
        "@type" : "RESOURCE_DESCRIPTION_ITEM",
        "language" : {
          "terminologyId" : {
            "value" : "ISO_639-1"
          },
          "codeString" : "en"
        },
        "originalResourceUri" : { },
        "otherDetails" : {
          "notes" : "Generated automatically by Adl Designer"
        }
      },
      "fi" : {
        "@type" : "RESOURCE_DESCRIPTION_ITEM",
        "language" : {
          "terminologyId" : {
            "value" : "ISO_639-1"
          },
          "codeString" : "fi"
        },
        "originalResourceUri" : { },
        "otherDetails" : {
          "notes" : "Generated automatically by Adl Designer"
        }
      },
      "it" : {
        "@type" : "RESOURCE_DESCRIPTION_ITEM",
        "language" : {
          "terminologyId" : {
            "value" : "ISO_639-1"
          },
          "codeString" : "it"
        },
        "originalResourceUri" : { },
        "otherDetails" : {
          "notes" : "Generated automatically by Adl Designer"
        }
      }
    }
  },
  "parentArchetypeId" : "openEHR-EHR-OBSERVATION.social_context_screening.v1",
  "differential" : true,
  "archetypeId" : {
    "@type" : "ARCHETYPE_HRID",
    "value" : "openEHR-EHR-OBSERVATION.t_social_context_screening.v1"
  },
  "definition" : {
    "@type" : "C_COMPLEX_OBJECT",
    "rmTypeName" : "OBSERVATION",
    "nodeId" : "at0000.1",
    "attributes" : [ {
      "@type" : "C_ATTRIBUTE",
      "rmAttributeName" : "data",
      "children" : [ {
        "@type" : "C_COMPLEX_OBJECT",
        "rmTypeName" : "HISTORY",
        "nodeId" : "at0001",
        "attributes" : [ {
          "@type" : "C_ATTRIBUTE",
          "rmAttributeName" : "events",
          "children" : [ {
            "@type" : "C_COMPLEX_OBJECT",
            "rmTypeName" : "POINT_EVENT",
            "occurrences" : "0..1",
            "nodeId" : "at0002.1",
            "attributes" : [ {
              "@type" : "C_ATTRIBUTE",
              "rmAttributeName" : "data",
              "children" : [ {
                "@type" : "C_COMPLEX_OBJECT",
                "rmTypeName" : "ITEM_TREE",
                "nodeId" : "at0003",
                "attributes" : [ {
                  "@type" : "C_ATTRIBUTE",
                  "rmAttributeName" : "items",
                  "children" : [ {
                    "@type" : "C_COMPLEX_OBJECT",
                    "rmTypeName" : "ELEMENT",
                    "nodeId" : "at0034.1",
                    "attributes" : [ {
                      "@type" : "C_ATTRIBUTE",
                      "rmAttributeName" : "value",
                      "children" : [ {
                        "@type" : "C_COMPLEX_OBJECT",
                        "rmTypeName" : "DV_CODED_TEXT",
                        "occurrences" : "1..1",
                        "defaultValue" : {
                          "defining_code" : {
                            "terminology_id" : {
                              "value" : "no.onk.sosiale_forhold",
                              "@type" : "TERMINOLOGY_ID"
                            },
                            "code_string" : "OA",
                            "@type" : "CODE_PHRASE"
                          },
                          "value" : "Kartlegging av om individet har omsorgsansvar",
                          "@type" : "DV_CODED_TEXT"
                        },
                        "attributes" : [ {
                          "@type" : "C_ATTRIBUTE",
                          "rmAttributeName" : "defining_code",
                          "children" : [ {
                            "@type" : "C_TERMINOLOGY_CODE",
                            "rmTypeName" : "TERMINOLOGY_CODE",
                            "occurrences" : "0..1",
                            "terminologyId" : {
                              "value" : "no.onk.sosiale_forhold"
                            },
                            "constraint" : [ ],
                            "selectedTerminologies" : [ "no.onk.sosiale_forhold" ],
                            "includedExternalTerminologyCodes" : [ {
                              "terminologyId" : "no.onk.sosiale_forhold",
                              "code" : "OA",
                              "value" : "Kartlegging av om individet har omsorgsansvar"
                            } ]
                          } ]
                        } ],
                        "attributeTuples" : [ ]
                      } ]
                    } ],
                    "attributeTuples" : [ ]
                  }, {
                    "@type" : "C_COMPLEX_OBJECT",
                    "rmTypeName" : "CLUSTER",
                    "occurrences" : "0..1",
                    "nodeId" : "at0022.1",
                    "attributes" : [ {
                      "@type" : "C_ATTRIBUTE",
                      "rmAttributeName" : "items",
                      "children" : [ {
                        "@type" : "C_COMPLEX_OBJECT",
                        "rmTypeName" : "ELEMENT",
                        "nodeId" : "at0004.1",
                        "attributes" : [ {
                          "@type" : "C_ATTRIBUTE",
                          "rmAttributeName" : "value",
                          "children" : [ {
                            "@type" : "C_COMPLEX_OBJECT",
                            "rmTypeName" : "DV_CODED_TEXT",
                            "defaultValue" : {
                              "defining_code" : {
                                "terminology_id" : {
                                  "value" : "no.onk.sosiale_forhold",
                                  "@type" : "TERMINOLOGY_ID"
                                },
                                "code_string" : "U18",
                                "@type" : "CODE_PHRASE"
                              },
                              "value" : "Ansvarlig for barn under 18 år",
                              "@type" : "DV_CODED_TEXT"
                            },
                            "attributes" : [ {
                              "@type" : "C_ATTRIBUTE",
                              "rmAttributeName" : "defining_code",
                              "children" : [ {
                                "@type" : "C_TERMINOLOGY_CODE",
                                "rmTypeName" : "TERMINOLOGY_CODE",
                                "occurrences" : "1..1",
                                "terminologyId" : {
                                  "value" : "no.onk.sosiale_forhold"
                                },
                                "constraint" : [ ],
                                "selectedTerminologies" : [ "no.onk.sosiale_forhold" ],
                                "includedExternalTerminologyCodes" : [ {
                                  "terminologyId" : "no.onk.sosiale_forhold",
                                  "code" : "U18",
                                  "value" : "Ansvarlig for barn under 18 år"
                                } ]
                              } ]
                            } ],
                            "attributeTuples" : [ ]
                          } ]
                        } ],
                        "attributeTuples" : [ ]
                      }, {
                        "@type" : "C_COMPLEX_OBJECT",
                        "rmTypeName" : "ELEMENT",
                        "nodeId" : "at0005.1",
                        "attributes" : [ {
                          "@type" : "C_ATTRIBUTE",
                          "rmAttributeName" : "value",
                          "children" : [ {
                            "@type" : "C_COMPLEX_OBJECT",
                            "rmTypeName" : "DV_CODED_TEXT",
                            "attributes" : [ {
                              "@type" : "C_ATTRIBUTE",
                              "rmAttributeName" : "defining_code",
                              "children" : [ {
                                "@type" : "C_TERMINOLOGY_CODE",
                                "rmTypeName" : "TERMINOLOGY_CODE",
                                "occurrences" : "1..1",
                                "terminologyId" : {
                                  "value" : "local"
                                },
                                "constraint" : [ "ac0.14" ],
                                "selectedTerminologies" : [ ]
                              } ]
                            } ],
                            "attributeTuples" : [ ]
                          } ]
                        } ],
                        "attributeTuples" : [ ]
                      }, {
                        "@type" : "C_COMPLEX_OBJECT",
                        "rmTypeName" : "ELEMENT",
                        "occurrences" : "0..0",
                        "nodeId" : "at0025.1",
                        "attributes" : [ ],
                        "attributeTuples" : [ ]
                      } ]
                    } ],
                    "attributeTuples" : [ ]
                  }, {
                    "@type" : "C_COMPLEX_OBJECT",
                    "rmTypeName" : "CLUSTER",
                    "occurrences" : "0..1",
                    "nodeId" : "at0022.3",
                    "attributes" : [ {
                      "@type" : "C_ATTRIBUTE",
                      "rmAttributeName" : "items",
                      "children" : [ {
                        "@type" : "C_COMPLEX_OBJECT",
                        "rmTypeName" : "ELEMENT",
                        "nodeId" : "at0004.3",
                        "attributes" : [ {
                          "@type" : "C_ATTRIBUTE",
                          "rmAttributeName" : "value",
                          "children" : [ {
                            "@type" : "C_COMPLEX_OBJECT",
                            "rmTypeName" : "DV_CODED_TEXT",
                            "attributes" : [ {
                              "@type" : "C_ATTRIBUTE",
                              "rmAttributeName" : "defining_code",
                              "children" : [ {
                                "@type" : "C_TERMINOLOGY_CODE",
                                "rmTypeName" : "TERMINOLOGY_CODE",
                                "occurrences" : "1..1",
                                "terminologyId" : {
                                  "value" : "no.onk.sosiale_forhold"
                                },
                                "constraint" : [ ],
                                "selectedTerminologies" : [ "no.onk.sosiale_forhold" ],
                                "includedExternalTerminologyCodes" : [ {
                                  "terminologyId" : "no.onk.sosiale_forhold",
                                  "code" : "BPU18",
                                  "value" : "Barn som pårørende"
                                } ]
                              } ]
                            } ],
                            "attributeTuples" : [ ]
                          } ]
                        } ],
                        "attributeTuples" : [ ]
                      }, {
                        "@type" : "C_COMPLEX_OBJECT",
                        "rmTypeName" : "ELEMENT",
                        "nodeId" : "at0005.3",
                        "attributes" : [ {
                          "@type" : "C_ATTRIBUTE",
                          "rmAttributeName" : "value",
                          "children" : [ {
                            "@type" : "C_COMPLEX_OBJECT",
                            "rmTypeName" : "DV_CODED_TEXT",
                            "attributes" : [ {
                              "@type" : "C_ATTRIBUTE",
                              "rmAttributeName" : "defining_code",
                              "children" : [ {
                                "@type" : "C_TERMINOLOGY_CODE",
                                "rmTypeName" : "TERMINOLOGY_CODE",
                                "occurrences" : "1..1",
                                "terminologyId" : {
                                  "value" : "local"
                                },
                                "constraint" : [ "ac0.15" ],
                                "selectedTerminologies" : [ ]
                              } ]
                            } ],
                            "attributeTuples" : [ ]
                          } ]
                        } ],
                        "attributeTuples" : [ ]
                      }, {
                        "@type" : "C_COMPLEX_OBJECT",
                        "rmTypeName" : "ELEMENT",
                        "nodeId" : "at0025.3",
                        "attributes" : [ ],
                        "attributeTuples" : [ ]
                      } ]
                    } ],
                    "attributeTuples" : [ ]
                  }, {
                    "@type" : "C_COMPLEX_OBJECT",
                    "rmTypeName" : "CLUSTER",
                    "occurrences" : "0..1",
                    "nodeId" : "at0022.2",
                    "attributes" : [ {
                      "@type" : "C_ATTRIBUTE",
                      "rmAttributeName" : "items",
                      "children" : [ {
                        "@type" : "C_COMPLEX_OBJECT",
                        "rmTypeName" : "ELEMENT",
                        "nodeId" : "at0004.2",
                        "attributes" : [ {
                          "@type" : "C_ATTRIBUTE",
                          "rmAttributeName" : "value",
                          "children" : [ {
                            "@type" : "C_COMPLEX_OBJECT",
                            "rmTypeName" : "DV_CODED_TEXT",
                            "defaultValue" : {
                              "defining_code" : {
                                "terminology_id" : {
                                  "value" : "no.onk.sosiale_forhold",
                                  "@type" : "TERMINOLOGY_ID"
                                },
                                "code_string" : "O18",
                                "@type" : "CODE_PHRASE"
                              },
                              "value" : "Ansvarlig for barn/andre over 18 år",
                              "@type" : "DV_CODED_TEXT"
                            },
                            "attributes" : [ {
                              "@type" : "C_ATTRIBUTE",
                              "rmAttributeName" : "defining_code",
                              "children" : [ {
                                "@type" : "C_TERMINOLOGY_CODE",
                                "rmTypeName" : "TERMINOLOGY_CODE",
                                "occurrences" : "1..1",
                                "terminologyId" : {
                                  "value" : "no.onk.sosiale_forhold"
                                },
                                "constraint" : [ ],
                                "selectedTerminologies" : [ "no.onk.sosiale_forhold" ],
                                "includedExternalTerminologyCodes" : [ {
                                  "terminologyId" : "no.onk.sosiale_forhold",
                                  "code" : "O18",
                                  "value" : "Ansvarlig for barn/andre over 18 år"
                                } ]
                              } ]
                            } ],
                            "attributeTuples" : [ ]
                          } ]
                        } ],
                        "attributeTuples" : [ ]
                      }, {
                        "@type" : "C_COMPLEX_OBJECT",
                        "rmTypeName" : "ELEMENT",
                        "nodeId" : "at0005.2",
                        "attributes" : [ {
                          "@type" : "C_ATTRIBUTE",
                          "rmAttributeName" : "value",
                          "children" : [ {
                            "@type" : "C_COMPLEX_OBJECT",
                            "rmTypeName" : "DV_CODED_TEXT",
                            "attributes" : [ {
                              "@type" : "C_ATTRIBUTE",
                              "rmAttributeName" : "defining_code",
                              "children" : [ {
                                "@type" : "C_TERMINOLOGY_CODE",
                                "rmTypeName" : "TERMINOLOGY_CODE",
                                "occurrences" : "1..1",
                                "terminologyId" : {
                                  "value" : "local"
                                },
                                "constraint" : [ "ac0.16" ],
                                "selectedTerminologies" : [ ]
                              } ]
                            } ],
                            "attributeTuples" : [ ]
                          } ]
                        } ],
                        "attributeTuples" : [ ]
                      }, {
                        "@type" : "C_COMPLEX_OBJECT",
                        "rmTypeName" : "ELEMENT",
                        "occurrences" : "0..0",
                        "nodeId" : "at0025.2",
                        "attributes" : [ ],
                        "attributeTuples" : [ ]
                      } ]
                    } ],
                    "attributeTuples" : [ ]
                  } ]
                } ],
                "attributeTuples" : [ ]
              } ]
            } ],
            "attributeTuples" : [ ]
          } ]
        } ],
        "attributeTuples" : [ ]
      } ]
    } ],
    "attributeTuples" : [ ]
  },
  "terminology" : {
    "@type" : "ARCHETYPE_TERMINOLOGY",
    "conceptCode" : "at0000",
    "termDefinitions" : {
      "en" : {
        "at0000.1" : {
          "@type" : "ARCHETYPE_TERM",
          "code" : "at0000.1",
          "text" : "Kartlegging omsorgsansvar",
          "description" : "Series of questions and associated answers used to screen about the social environment and social situation which may impact the health and well-being of the individual, especially to identify potential issues or risks."
        },
        "at0022.1" : {
          "@type" : "ARCHETYPE_TERM",
          "code" : "at0022.1",
          "text" : "Omsorgsperson for barn under 18 år",
          "description" : "Details about a specified social context or issue, or a grouping of these, relevant for the screening purpose."
        },
        "at0005.1" : {
          "@type" : "ARCHETYPE_TERM",
          "code" : "at0005.1",
          "text" : "Har pasienten ansvar for barn under 18 år?",
          "description" : "Has there been experience of the specified 'Context'?",
          "comment" : "In a template, the data element would usually be renamed to the specific question asked. The proposed value set can be adapted for local use by using the DV_TEXT or the DV_BOOLEAN datatypes choice to match each specific use case."
        },
        "at0022.2" : {
          "@type" : "ARCHETYPE_TERM",
          "code" : "at0022.2",
          "text" : "Omsorgsperson for personer over 18 år",
          "description" : "Details about a specified social context or issue, or a grouping of these, relevant for the screening purpose."
        },
        "at0005.2" : {
          "@type" : "ARCHETYPE_TERM",
          "code" : "at0005.2",
          "text" : "Har pasienten ansvar for egne barn/andre over 18 år?",
          "description" : "Has there been experience of the specified 'Context'?",
          "comment" : "In a template, the data element would usually be renamed to the specific question asked. The proposed value set can be adapted for local use by using the DV_TEXT or the DV_BOOLEAN datatypes choice to match each specific use case."
        },
        "at0022.3" : {
          "@type" : "ARCHETYPE_TERM",
          "code" : "at0022.1",
          "text" : "Omsorgsperson for barn under 18 år (2)",
          "description" : "Details about a specified social context or issue, or a grouping of these, relevant for the screening purpose."
        },
        "at0005.3" : {
          "@type" : "ARCHETYPE_TERM",
          "code" : "at0005.1",
          "text" : "Har pasienten ansvar for barn under 18 år?",
          "description" : "Has there been experience of the specified 'Context'?",
          "comment" : "In a template, the data element would usually be renamed to the specific question asked. The proposed value set can be adapted for local use by using the DV_TEXT or the DV_BOOLEAN datatypes choice to match each specific use case."
        },
        "ac0.14" : {
          "@type" : "ARCHETYPE_TERM",
          "text" : "(Synthesized)",
          "code" : "ac0.14",
          "description" : ""
        },
        "ac0.15" : {
          "@type" : "ARCHETYPE_TERM",
          "text" : "(Synthesized)",
          "code" : "ac0.15",
          "description" : ""
        },
        "ac0.16" : {
          "@type" : "ARCHETYPE_TERM",
          "text" : "(Synthesized)",
          "code" : "ac0.16",
          "description" : ""
        }
      },
      "fi" : {
        "at0000.1" : {
          "@type" : "ARCHETYPE_TERM",
          "code" : "at0000.1",
          "text" : "Kartlegging omsorgsansvar",
          "description" : "*Series of questions and associated answers used to screen about the social environment and social situation which may impact the health and well-being of the individual, especially to identify potential issues or risks. (en)"
        },
        "at0022.1" : {
          "@type" : "ARCHETYPE_TERM",
          "code" : "at0022.1",
          "text" : "Omsorgsperson for barn under 18 år",
          "description" : "*Details about a specified social context or issue, or a grouping of these, relevant for the screening purpose. (en)"
        },
        "at0005.1" : {
          "@type" : "ARCHETYPE_TERM",
          "code" : "at0005.1",
          "text" : "Har pasienten ansvar for barn under 18 år?",
          "description" : "*Has there been experience of the specified 'Context'? (en)",
          "comment" : "*In a template, the data element would usually be renamed to the specific question asked. The proposed value set can be adapted for local use by using the DV_TEXT or the DV_BOOLEAN datatypes choice to match each specific use case. (en)"
        },
        "at0022.2" : {
          "@type" : "ARCHETYPE_TERM",
          "code" : "at0022.2",
          "text" : "Omsorgsperson for personer over 18 år",
          "description" : "*Details about a specified social context or issue, or a grouping of these, relevant for the screening purpose. (en)"
        },
        "at0005.2" : {
          "@type" : "ARCHETYPE_TERM",
          "code" : "at0005.2",
          "text" : "Har pasienten ansvar for egne barn/andre over 18 år?",
          "description" : "*Has there been experience of the specified 'Context'? (en)",
          "comment" : "*In a template, the data element would usually be renamed to the specific question asked. The proposed value set can be adapted for local use by using the DV_TEXT or the DV_BOOLEAN datatypes choice to match each specific use case. (en)"
        },
        "at0022.3" : {
          "@type" : "ARCHETYPE_TERM",
          "code" : "at0022.1",
          "text" : "Omsorgsperson for barn under 18 år (2)",
          "description" : "*Details about a specified social context or issue, or a grouping of these, relevant for the screening purpose. (en)"
        },
        "at0005.3" : {
          "@type" : "ARCHETYPE_TERM",
          "code" : "at0005.1",
          "text" : "Har pasienten ansvar for barn under 18 år?",
          "description" : "*Has there been experience of the specified 'Context'? (en)",
          "comment" : "*In a template, the data element would usually be renamed to the specific question asked. The proposed value set can be adapted for local use by using the DV_TEXT or the DV_BOOLEAN datatypes choice to match each specific use case. (en)"
        },
        "ac0.14" : {
          "@type" : "ARCHETYPE_TERM",
          "text" : "*(Synthesized) (en)",
          "code" : "ac0.14",
          "description" : ""
        },
        "ac0.15" : {
          "@type" : "ARCHETYPE_TERM",
          "text" : "*(Synthesized) (en)",
          "code" : "ac0.15",
          "description" : ""
        },
        "ac0.16" : {
          "@type" : "ARCHETYPE_TERM",
          "text" : "*(Synthesized) (en)",
          "code" : "ac0.16",
          "description" : ""
        }
      },
      "nb" : {
        "at0000.1" : {
          "@type" : "ARCHETYPE_TERM",
          "code" : "at0000.1",
          "text" : "Kartlegging omsorgsansvar",
          "description" : "Spørsmål og tilhørende svar som brukes til å kartlegge sosialt miljø og sosiale forhold som kan ha betydning for helse og velferd til et individ, spesielt for å identifisere potensielle utfordringer eller risiko."
        },
        "at0022.1" : {
          "@type" : "ARCHETYPE_TERM",
          "code" : "at0022.1",
          "text" : "Omsorgsperson for barn under 18 år",
          "description" : "Detaljer om et spesifikt sosialt forhold, eller en gruppering av slike, som er innenfor kartleggingsformålet."
        },
        "at0005.1" : {
          "@type" : "ARCHETYPE_TERM",
          "code" : "at0005.1",
          "text" : "Har pasienten ansvar for barn under 18 år?",
          "description" : "Har individet hatt noen erfaring med det spesifiserte \"Sosialt forhold\"?"
        },
        "at0022.2" : {
          "@type" : "ARCHETYPE_TERM",
          "code" : "at0022.2",
          "text" : "Omsorgsperson for personer over 18 år",
          "description" : "Detaljer om et spesifikt sosialt forhold, eller en gruppering av slike, som er innenfor kartleggingsformålet."
        },
        "at0005.2" : {
          "@type" : "ARCHETYPE_TERM",
          "code" : "at0005.2",
          "text" : "Har pasienten ansvar for egne barn/andre over 18 år?",
          "description" : "Har individet hatt noen erfaring med det spesifiserte \"Sosialt forhold\"?"
        },
        "at0022.3" : {
          "@type" : "ARCHETYPE_TERM",
          "code" : "at0022.3",
          "text" : "Barn som pårørende",
          "description" : "Detaljer om et spesifikt sosialt forhold, eller en gruppering av slike, som er innenfor kartleggingsformålet."
        },
        "at0005.3" : {
          "@type" : "ARCHETYPE_TERM",
          "code" : "at0005.3",
          "text" : "Finnes det barn som pårørende?",
          "description" : "Har individet hatt noen erfaring med det spesifiserte \"Sosialt forhold\"?"
        },
        "at0004.1" : {
          "@type" : "ARCHETYPE_TERM",
          "code" : "at0004",
          "text" : "Sosialt forhold",
          "description" : "Navngiving av et spesifikt sosialt forhold.",
          "comment" : "Navngiving av et spesifikt sosialt forhold."
        },
        "at0004.2" : {
          "@type" : "ARCHETYPE_TERM",
          "code" : "at0004",
          "text" : "Sosialt forhold",
          "description" : "Navngiving av et spesifikt sosialt forhold, problem eller bekymring som er relevant for spørreskjemaet, eller en gruppering av slike.",
          "comment" : "Navngiving av et spesifikt sosialt forhold."
        },
        "at0004.3" : {
          "@type" : "ARCHETYPE_TERM",
          "code" : "at0004",
          "text" : "Sosialt forhold",
          "description" : "Navngiving av et spesifikt sosialt forhold, problem eller bekymring som er relevant for spørreskjemaet, eller en gruppering av slike.",
          "comment" : "Navngiving av et spesifikt sosialt forhold."
        },
        "at0034.1" : {
          "@type" : "ARCHETYPE_TERM",
          "code" : "at0034",
          "text" : "Kartleggingsformål",
          "description" : "Konteksten eller årsaken for kartleggingen.",
          "comment" : "I prosjektet strukturert kreftjournal er det etablert et eget kodeverk for kartleggingsformål. no.onk.sosiale_forhold."
        },
        "ac0.14" : {
          "@type" : "ARCHETYPE_TERM",
          "text" : "*(Synthesized) (en)",
          "code" : "ac0.14",
          "description" : ""
        },
        "ac0.15" : {
          "@type" : "ARCHETYPE_TERM",
          "text" : "*(Synthesized) (en)",
          "code" : "ac0.15",
          "description" : ""
        },
        "ac0.16" : {
          "@type" : "ARCHETYPE_TERM",
          "text" : "*(Synthesized) (en)",
          "code" : "ac0.16",
          "description" : ""
        }
      },
      "it" : {
        "at0000.1" : {
          "@type" : "ARCHETYPE_TERM",
          "code" : "at0000.1",
          "text" : "Kartlegging omsorgsansvar",
          "description" : "*Series of questions and associated answers used to screen about the social environment and social situation which may impact the health and well-being of the individual, especially to identify potential issues or risks. (en)"
        },
        "at0022.1" : {
          "@type" : "ARCHETYPE_TERM",
          "code" : "at0022.1",
          "text" : "Omsorgsperson for barn under 18 år",
          "description" : "*Details about a specified social context or issue, or a grouping of these, relevant for the screening purpose. (en)"
        },
        "at0005.1" : {
          "@type" : "ARCHETYPE_TERM",
          "code" : "at0005.1",
          "text" : "Har pasienten ansvar for barn under 18 år?",
          "description" : "*Has there been experience of the specified 'Context'? (en)",
          "comment" : "*In a template, the data element would usually be renamed to the specific question asked. The proposed value set can be adapted for local use by using the DV_TEXT or the DV_BOOLEAN datatypes choice to match each specific use case. (en)"
        },
        "at0022.2" : {
          "@type" : "ARCHETYPE_TERM",
          "code" : "at0022.2",
          "text" : "Omsorgsperson for personer over 18 år",
          "description" : "*Details about a specified social context or issue, or a grouping of these, relevant for the screening purpose. (en)"
        },
        "at0005.2" : {
          "@type" : "ARCHETYPE_TERM",
          "code" : "at0005.2",
          "text" : "Har pasienten ansvar for egne barn/andre over 18 år?",
          "description" : "*Has there been experience of the specified 'Context'? (en)",
          "comment" : "*In a template, the data element would usually be renamed to the specific question asked. The proposed value set can be adapted for local use by using the DV_TEXT or the DV_BOOLEAN datatypes choice to match each specific use case. (en)"
        },
        "at0022.3" : {
          "@type" : "ARCHETYPE_TERM",
          "code" : "at0022.1",
          "text" : "Omsorgsperson for barn under 18 år (2)",
          "description" : "*Details about a specified social context or issue, or a grouping of these, relevant for the screening purpose. (en)"
        },
        "at0005.3" : {
          "@type" : "ARCHETYPE_TERM",
          "code" : "at0005.1",
          "text" : "Har pasienten ansvar for barn under 18 år?",
          "description" : "*Has there been experience of the specified 'Context'? (en)",
          "comment" : "*In a template, the data element would usually be renamed to the specific question asked. The proposed value set can be adapted for local use by using the DV_TEXT or the DV_BOOLEAN datatypes choice to match each specific use case. (en)"
        },
        "ac0.14" : {
          "@type" : "ARCHETYPE_TERM",
          "text" : "*(Synthesized) (en)",
          "code" : "ac0.14",
          "description" : ""
        },
        "ac0.15" : {
          "@type" : "ARCHETYPE_TERM",
          "text" : "*(Synthesized) (en)",
          "code" : "ac0.15",
          "description" : ""
        },
        "ac0.16" : {
          "@type" : "ARCHETYPE_TERM",
          "text" : "*(Synthesized) (en)",
          "code" : "ac0.16",
          "description" : ""
        }
      }
    },
    "termBindings" : { },
    "terminologyExtracts" : { },
    "valueSets" : {
      "ac0.1" : {
        "@type" : "VALUE_SET",
        "id" : "ac0.1",
        "members" : [ "at0023", "at0024", "at0027" ]
      },
      "ac0.2" : {
        "@type" : "VALUE_SET",
        "id" : "ac0.2",
        "members" : [ "at0023", "at0024", "at0027" ]
      },
      "ac0.3" : {
        "@type" : "VALUE_SET",
        "id" : "ac0.3",
        "members" : [ "at0023", "at0024", "at0027" ]
      },
      "ac0.4" : {
        "@type" : "VALUE_SET",
        "id" : "ac0.4",
        "members" : [ "at0023", "at0024", "at0027" ]
      },
      "ac0.5" : {
        "@type" : "VALUE_SET",
        "id" : "ac0.5",
        "members" : [ "at0023", "at0024", "at0027" ]
      },
      "ac0.6" : {
        "@type" : "VALUE_SET",
        "id" : "ac0.6",
        "members" : [ "at0023", "at0024", "at0027" ]
      },
      "ac0.7" : {
        "@type" : "VALUE_SET",
        "id" : "ac0.7",
        "members" : [ "at0023", "at0024", "at0027" ]
      },
      "ac0.8" : {
        "@type" : "VALUE_SET",
        "id" : "ac0.8",
        "members" : [ "at0023", "at0024", "at0027" ]
      },
      "ac0.9" : {
        "@type" : "VALUE_SET",
        "id" : "ac0.9",
        "members" : [ "at0023", "at0024", "at0027" ]
      },
      "ac0.10" : {
        "@type" : "VALUE_SET",
        "id" : "ac0.10",
        "members" : [ "at0023", "at0024", "at0027" ]
      },
      "ac0.11" : {
        "@type" : "VALUE_SET",
        "id" : "ac0.11",
        "members" : [ "at0023", "at0024", "at0027" ]
      },
      "ac0.12" : {
        "@type" : "VALUE_SET",
        "id" : "ac0.12",
        "members" : [ "at0023", "at0024", "at0027" ]
      },
      "ac0.13" : {
        "@type" : "VALUE_SET",
        "id" : "ac0.13",
        "members" : [ "at0023", "at0024", "at0027" ]
      },
      "ac0.14" : {
        "@type" : "VALUE_SET",
        "id" : "ac0.14",
        "members" : [ "at0023", "at0024", "at0027" ]
      },
      "ac0.15" : {
        "@type" : "VALUE_SET",
        "id" : "ac0.15",
        "members" : [ "at0023", "at0024", "at0027" ]
      },
      "ac0.16" : {
        "@type" : "VALUE_SET",
        "id" : "ac0.16",
        "members" : [ "at0023", "at0024", "at0027" ]
      }
    }
  },
  "adlVersion" : "1.4",
  "buildUid" : "3cbb778c-7c1e-392d-b72f-14995d51bb52",
  "rmName" : "openehr",
  "rmRelease" : "1.1.0",
  "generated" : true,
  "templateId" : "omsorgsansvar_kartlegging",
  "otherMetaData" : { },
  "templateOverlays" : [ ],
  "originalLanguage" : {
    "terminologyId" : {
      "value" : "ISO_639-1"
    },
    "codeString" : "en"
  },
  "translations" : [ {
    "@type" : "TRANSLATION_DETAILS",
    "language" : {
      "terminologyId" : {
        "value" : "ISO_639-1"
      },
      "codeString" : "fi"
    },
    "author" : { },
    "otherDetails" : { }
  }, {
    "@type" : "TRANSLATION_DETAILS",
    "language" : {
      "terminologyId" : {
        "value" : "ISO_639-1"
      },
      "codeString" : "nb"
    },
    "author" : {
      "name" : "Marit Alice Venheim, John Tore Valand, Vebjørn Arntzen, Liv Laugen",
      "organisation" : "Helse Vest IKT AS, Helse Bergen, Oslo University Hospital, ​Oslo University Hospital, Norway",
      "email" : "marit.alice.venheim@helse-vest-ikt.no, john.tore.valand@helse-bergen.no, varntzen@ous-hf.no, john.tore.valand@helse-vest-ikt.no, liv.laugen@ous-hf.no"
    },
    "otherDetails" : { }
  }, {
    "@type" : "TRANSLATION_DETAILS",
    "language" : {
      "terminologyId" : {
        "value" : "ISO_639-1"
      },
      "codeString" : "it"
    },
    "author" : { },
    "otherDetails" : { }
  } ]
}