{
  "@type" : "TEMPLATE",
  "uid" : "bed707d2-ef7a-431a-8fca-b861fd43c56d",
  "description" : {
    "@type" : "RESOURCE_DESCRIPTION",
    "originalAuthor" : {
      "date" : "2023-08-22"
    },
    "otherContributors" : [ ],
    "lifecycleState" : {
      "codeString" : "release_candidate"
    },
    "ipAcknowledgements" : { },
    "references" : { },
    "conversionDetails" : { },
    "otherDetails" : {
      "licence" : "This work is licensed under the Creative Commons Attribution-ShareAlike 4.0 International License. To view a copy of this license, visit http://creativecommons.org/licenses/by-sa/4.0/.",
      "custodian_organisation" : "openEHR Foundation",
      "original_namespace" : "org.openehr",
      "original_publisher" : "openEHR Foundation",
      "custodian_namespace" : "org.openehr",
      "MD5-CAM-1.0.1" : "7db678fee0887be62f33d0822aa3452e",
      "PARENT:MD5-CAM-1.0.1" : "DB7D4B698449B0D99CB352CDB935B693",
      "sem_ver" : "6.0.0",
      "build_uid" : "",
      "original_language" : "ISO_639-1::nb"
    },
    "details" : {
      "nb" : {
        "@type" : "RESOURCE_DESCRIPTION_ITEM",
        "language" : {
          "terminologyId" : {
            "value" : "ISO_639-1"
          },
          "codeString" : "nb"
        },
        "purpose" : "For å registrere et individs samlivsstatus i forbindelse med prosjektet Strukturert Kreftjournal.",
        "use" : "Brukes for å registrere et individs samlivsstatus i forbindelse med prosjektet Strukturert Kreftjournal. Det er med vilje ikke brukt juridisk sivilstand da dette registreres i PAS delen av EPJ.\n\nVerdisettet for dataelementet \"Samlivsstatus\" er standardisert med bakgrunn i variabler fra SSB (https://www.ssb.no/klass/klassifikasjoner/19).\n\nDette templatet vil bli brukt i prosjektet Strukturert Kreftjournal under sosialanamnese.\n\nSmåtemplatet med det standardiserte verdisettet kan benyttes utenfor Strukturert kreftjournal hvor det lagres data om samlivsstatus.",
        "misuse" : "Brukes ikke for å registrere juridisk sivilstand. Dette vil registreres i den pasientadministrative delen av pasientjournal.",
        "originalResourceUri" : { },
        "otherDetails" : { }
      },
      "en" : {
        "@type" : "RESOURCE_DESCRIPTION_ITEM",
        "language" : {
          "terminologyId" : {
            "value" : "ISO_639-1"
          },
          "codeString" : "en"
        },
        "originalResourceUri" : { },
        "otherDetails" : {
          "notes" : "Generated automatically by Adl Designer"
        }
      },
      "de" : {
        "@type" : "RESOURCE_DESCRIPTION_ITEM",
        "language" : {
          "terminologyId" : {
            "value" : "ISO_639-1"
          },
          "codeString" : "de"
        },
        "originalResourceUri" : { },
        "otherDetails" : {
          "notes" : "Generated automatically by Adl Designer"
        }
      },
      "fr" : {
        "@type" : "RESOURCE_DESCRIPTION_ITEM",
        "language" : {
          "terminologyId" : {
            "value" : "ISO_639-1"
          },
          "codeString" : "fr"
        },
        "originalResourceUri" : { },
        "otherDetails" : {
          "notes" : "Generated automatically by Adl Designer"
        }
      }
    }
  },
  "parentArchetypeId" : "openEHR-EHR-EVALUATION.social_network.v1",
  "differential" : true,
  "archetypeId" : {
    "@type" : "ARCHETYPE_HRID",
    "value" : "openEHR-EHR-EVALUATION.t_social_network.v1"
  },
  "definition" : {
    "@type" : "C_COMPLEX_OBJECT",
    "rmTypeName" : "EVALUATION",
    "nodeId" : "at0000.1",
    "attributes" : [ {
      "@type" : "C_ATTRIBUTE",
      "rmAttributeName" : "data",
      "children" : [ {
        "@type" : "C_COMPLEX_OBJECT",
        "rmTypeName" : "ITEM_TREE",
        "nodeId" : "at0001",
        "attributes" : [ {
          "@type" : "C_ATTRIBUTE",
          "rmAttributeName" : "items",
          "children" : [ {
            "@type" : "C_COMPLEX_OBJECT",
            "rmTypeName" : "ELEMENT",
            "occurrences" : "0..0",
            "nodeId" : "at0015.1",
            "attributes" : [ ],
            "attributeTuples" : [ ]
          }, {
            "@type" : "C_COMPLEX_OBJECT",
            "rmTypeName" : "ELEMENT",
            "nodeId" : "at0002.1",
            "attributes" : [ {
              "@type" : "C_ATTRIBUTE",
              "rmAttributeName" : "value",
              "children" : [ {
                "@type" : "C_COMPLEX_OBJECT",
                "rmTypeName" : "DV_CODED_TEXT",
                "occurrences" : "1..1",
                "attributes" : [ {
                  "@type" : "C_ATTRIBUTE",
                  "rmAttributeName" : "defining_code",
                  "children" : [ {
                    "@type" : "C_TERMINOLOGY_CODE",
                    "rmTypeName" : "TERMINOLOGY_CODE",
                    "occurrences" : "0..1",
                    "terminologyId" : {
                      "value" : "no.samlivsstatus"
                    },
                    "constraint" : [ ],
                    "selectedTerminologies" : [ "no.samlivsstatus" ],
                    "includedExternalTerminologyCodes" : [ {
                      "terminologyId" : "no.samlivsstatus",
                      "code" : "1",
                      "value" : "Ugift/enslig"
                    }, {
                      "terminologyId" : "no.samlivsstatus",
                      "code" : "2",
                      "value" : "Gift/samboer/registrert partner"
                    }, {
                      "terminologyId" : "no.samlivsstatus",
                      "code" : "3",
                      "value" : "Enke/enkemann/gjenlevende partner eller samboer"
                    }, {
                      "terminologyId" : "no.samlivsstatus",
                      "code" : "4",
                      "value" : "Skilt/separert"
                    }, {
                      "terminologyId" : "no.samlivsstatus",
                      "code" : "9",
                      "value" : "Ukjent"
                    } ]
                  } ]
                } ],
                "attributeTuples" : [ ]
              } ]
            } ],
            "attributeTuples" : [ ]
          } ]
        } ],
        "attributeTuples" : [ ]
      } ]
    }, {
      "@type" : "C_ATTRIBUTE",
      "rmAttributeName" : "protocol",
      "children" : [ {
        "@type" : "C_COMPLEX_OBJECT",
        "rmTypeName" : "ITEM_TREE",
        "nodeId" : "at0010",
        "attributes" : [ {
          "@type" : "C_ATTRIBUTE",
          "rmAttributeName" : "items",
          "children" : [ {
            "@type" : "C_COMPLEX_OBJECT",
            "rmTypeName" : "ELEMENT",
            "nodeId" : "at0011.1",
            "attributes" : [ ],
            "attributeTuples" : [ ]
          } ]
        } ],
        "attributeTuples" : [ ]
      } ]
    } ],
    "attributeTuples" : [ ]
  },
  "terminology" : {
    "@type" : "ARCHETYPE_TERMINOLOGY",
    "conceptCode" : "at0000",
    "termDefinitions" : {
      "en" : {
        "at0002.1" : {
          "@type" : "ARCHETYPE_TERM",
          "code" : "at0002.1",
          "text" : "Samlivsstatus",
          "description" : "Single word or phrase that describes an individual's current relationship with a life partner.",
          "comment" : "Coding of the partnership status with a terminology is preferred, where possible. There is a huge variation in the value sets used across jurisdictions. Many have local, government-mandated value sets rather than using SNOMED CT or similar. For example: a 'marital status' value set including 'never married' or 'single'; 'married'; 'divorced'; or 'widowed'. Also known as 'civil status', 'union status', or 'relationship status'."
        }
      },
      "fr" : {
        "at0002.1" : {
          "@type" : "ARCHETYPE_TERM",
          "code" : "at0002.1",
          "text" : "Samlivsstatus",
          "description" : "*Single word or phrase that describes an individual's current relationship with a life partner. (en)",
          "comment" : "*Coding of the partnership status with a terminology is preferred, where possible. There is a huge variation in the value sets used across jurisdictions. Many have local, government-mandated value sets rather than using SNOMED CT or similar. For example: a 'marital status' value set including 'never married' or 'single'; 'married'; 'divorced'; or 'widowed'. Also known as 'civil status', 'union status', or 'relationship status'. (en)"
        }
      },
      "nb" : {
        "at0002.1" : {
          "@type" : "ARCHETYPE_TERM",
          "code" : "at0002.1",
          "text" : "Samlivsstatus",
          "description" : "Enkeltord eller frase som beskriver et individs nåværende forhold til en livspartner.",
          "comment" : "Verdisettet for dataelementet \"Samlivsstatus\" er standardisert med bakgrunn i variabler fra SSB (https://www.ssb.no/klass/klassifikasjoner/19).\n"
        },
        "at0011.1" : {
          "@type" : "ARCHETYPE_TERM",
          "code" : "at0011.1",
          "text" : "Sist oppdatert",
          "description" : "Datoen da det sosiale nettverket siste ble oppdatert.",
          "comment" : "Datoen da samlivsstatus sist ble oppdatert."
        }
      },
      "de" : {
        "at0002.1" : {
          "@type" : "ARCHETYPE_TERM",
          "code" : "at0002.1",
          "text" : "Samlivsstatus",
          "description" : "Einzelnes Wort oder Satz, der die aktuelle Beziehung einer Person zu einem Lebenspartner beschreibt.",
          "comment" : "Eine Kodierung des Partnerschaftsstatus mit einer Terminologie wird nach Möglichkeit bevorzugt. Es gibt eine große Variation in den verwendeten Wertesätzen in den verschiedenen Rechtsordnungen. Viele haben lokale, staatlich vorgeschriebene Wertesätze, statt der Verwendung von SNOMED CT oder ähnliches. Zum Beispiel: ein „Familienstand“-Wertesatz einschließlich „nie verheiratet“ oder „ledig“; 'verheiratet'; 'geschieden'; oder „verwitwet“. Auch als „Zivilstand“, „Partnerschaftsstatus“ oder „Beziehungsstatus“ bekannt."
        }
      }
    },
    "termBindings" : { },
    "terminologyExtracts" : { },
    "valueSets" : { }
  },
  "adlVersion" : "1.4",
  "buildUid" : "42d8698e-bf48-32c3-a896-7b5958f99a9d",
  "rmName" : "openehr",
  "rmRelease" : "1.1.0",
  "generated" : true,
  "templateId" : "samlivsstatus",
  "otherMetaData" : { },
  "templateOverlays" : [ ],
  "originalLanguage" : {
    "terminologyId" : {
      "value" : "ISO_639-1"
    },
    "codeString" : "en"
  },
  "translations" : [ {
    "@type" : "TRANSLATION_DETAILS",
    "language" : {
      "terminologyId" : {
        "value" : "ISO_639-1"
      },
      "codeString" : "de"
    },
    "author" : {
      "name" : "Darin Leonhardt",
      "organisation" : "PLRI",
      "email" : "leonhardt.darin@mh-hannover.de"
    },
    "accreditation" : "-",
    "otherDetails" : { }
  }, {
    "@type" : "TRANSLATION_DETAILS",
    "language" : {
      "terminologyId" : {
        "value" : "ISO_639-1"
      },
      "codeString" : "nb"
    },
    "author" : {
      "name" : "Vebjørn Arntzen, John Tore Valand, Liv Laugen",
      "organisation" : "Oslo University Hospital, Helse Vest IKT AS, Helse Bergen, ​Oslo University Hospital, Norway",
      "email" : "varntzen@ous-hf.no, john.tore.valand@helse-vest-ikt.no, liv.laugen@ous-hf.no"
    },
    "otherDetails" : { }
  }, {
    "@type" : "TRANSLATION_DETAILS",
    "language" : {
      "terminologyId" : {
        "value" : "ISO_639-1"
      },
      "codeString" : "fr"
    },
    "author" : {
      "name" : "Vanessa Pereira",
      "organisation" : "Better - Pathfinder",
      "email" : "vanessapereira@protonmail.com"
    },
    "otherDetails" : { }
  } ]
}