{
  "@type" : "TEMPLATE",
  "uid" : "e06e9183-36a4-4758-a4a1-4a5f4d598c5f",
  "description" : {
    "@type" : "RESOURCE_DESCRIPTION",
    "originalAuthor" : {
      "date" : "2023-06-16",
      "name" : "Liv Laugen",
      "organisation" : "Oslo universitetssykehus",
      "email" : "liv.laugen@ous-hf.no"
    },
    "otherContributors" : [ ],
    "lifecycleState" : {
      "codeString" : "in_development"
    },
    "ipAcknowledgements" : { },
    "references" : { },
    "conversionDetails" : { },
    "otherDetails" : {
      "licence" : "",
      "custodian_organisation" : "",
      "original_namespace" : "",
      "original_publisher" : "",
      "custodian_namespace" : "",
      "sem_ver" : "5.0.0",
      "build_uid" : "",
      "MD5-CAM-1.0.1" : "3859a2cef1a6642dd11b2728fde43276",
      "PARENT:MD5-CAM-1.0.1" : "B092069A92C2ED33B96658F84B518BF9",
      "original_language" : "ISO_639-1::nb"
    },
    "details" : {
      "nb" : {
        "@type" : "RESOURCE_DESCRIPTION_ITEM",
        "language" : {
          "terminologyId" : {
            "value" : "ISO_639-1"
          },
          "codeString" : "nb"
        },
        "purpose" : "For å registrere et individs utdanningsnivå i forbindelse med prosjektet Strukturert Kreftjournal.",
        "keywords" : [ "kreftjournal, sjk" ],
        "use" : "Brukes for å registrere et individs utdanningsnivå i forbindelse med prosjektet Strukturert Kreftjournal. \n\nVerdisettet for dataelementet \"Høyeste fullførte utdanningsnivå\" er standardisert basert på krav utarbeidet av Helsedirektoratet.\n \nDette templatet vil bli brukt i prosjektet Strukturert Kreftjournal under sosialanamnese.\n\nSmåtemplatet med det standardiserte verdisettet kan benyttes utenfor Strukturert kreftjournal hvor det lagres data om arbeidsstatus.\n\nVerdisettet med tilhørende forklaring i dette templatet for utdanningsnivå er:\n- Ingen utdanning = Ingen skolegang.\n- Grunnskole = Grunnskole 7-10 år, framhaldsskole eller folkehøyskole.\n- Videregående = Inkluderer VGS I og VGS II, allmenn/ studiespesialisering. Yrkesfaglig, påbygning.\n- Universitet/Høyskole <4 år = Mindre enn 4 år.\n- Universitet/Høyskole ≥4 år = 4 år eller mer. Inkl. forskerutdanning.\n- Ukjent = Utdanningsnivået er ukjent.",
        "originalResourceUri" : { },
        "otherDetails" : { }
      },
      "en" : {
        "@type" : "RESOURCE_DESCRIPTION_ITEM",
        "language" : {
          "terminologyId" : {
            "value" : "ISO_639-1"
          },
          "codeString" : "en"
        },
        "originalResourceUri" : { },
        "otherDetails" : {
          "notes" : "Generated automatically by Adl Designer"
        }
      },
      "de" : {
        "@type" : "RESOURCE_DESCRIPTION_ITEM",
        "language" : {
          "terminologyId" : {
            "value" : "ISO_639-1"
          },
          "codeString" : "de"
        },
        "originalResourceUri" : { },
        "otherDetails" : {
          "notes" : "Generated automatically by Adl Designer"
        }
      },
      "fr" : {
        "@type" : "RESOURCE_DESCRIPTION_ITEM",
        "language" : {
          "terminologyId" : {
            "value" : "ISO_639-1"
          },
          "codeString" : "fr"
        },
        "originalResourceUri" : { },
        "otherDetails" : {
          "notes" : "Generated automatically by Adl Designer"
        }
      }
    }
  },
  "parentArchetypeId" : "openEHR-EHR-EVALUATION.education_summary.v1",
  "differential" : true,
  "archetypeId" : {
    "@type" : "ARCHETYPE_HRID",
    "value" : "openEHR-EHR-EVALUATION.t_education_summary.v1"
  },
  "definition" : {
    "@type" : "C_COMPLEX_OBJECT",
    "rmTypeName" : "EVALUATION",
    "nodeId" : "at0000.1",
    "attributes" : [ {
      "@type" : "C_ATTRIBUTE",
      "rmAttributeName" : "data",
      "children" : [ {
        "@type" : "C_COMPLEX_OBJECT",
        "rmTypeName" : "ITEM_TREE",
        "nodeId" : "at0001",
        "attributes" : [ {
          "@type" : "C_ATTRIBUTE",
          "rmAttributeName" : "items",
          "children" : [ {
            "@type" : "C_COMPLEX_OBJECT",
            "rmTypeName" : "ELEMENT",
            "occurrences" : "0..0",
            "nodeId" : "at0018.1",
            "attributes" : [ ],
            "attributeTuples" : [ ]
          }, {
            "@type" : "C_COMPLEX_OBJECT",
            "rmTypeName" : "ELEMENT",
            "occurrences" : "0..0",
            "nodeId" : "at0003.1",
            "attributes" : [ {
              "@type" : "C_ATTRIBUTE",
              "rmAttributeName" : "value",
              "children" : [ {
                "@type" : "C_COMPLEX_OBJECT",
                "rmTypeName" : "DV_DURATION",
                "attributes" : [ {
                  "@type" : "C_ATTRIBUTE",
                  "rmAttributeName" : "value",
                  "children" : [ {
                    "@type" : "C_DURATION",
                    "rmTypeName" : "DURATION",
                    "occurrences" : "1..1",
                    "patternedConstraint" : "PYM",
                    "constraint" : [ {
                      "lower" : "P0Y",
                      "lowerIncluded" : true,
                      "upperIncluded" : false,
                      "upperUnbounded" : true,
                      "lowerUnbounded" : false
                    } ]
                  } ]
                } ],
                "attributeTuples" : [ ]
              } ]
            } ],
            "attributeTuples" : [ ]
          }, {
            "@type" : "C_COMPLEX_OBJECT",
            "rmTypeName" : "ELEMENT",
            "occurrences" : "0..0",
            "nodeId" : "at0031.1",
            "attributes" : [ {
              "@type" : "C_ATTRIBUTE",
              "rmAttributeName" : "value",
              "children" : [ {
                "@type" : "C_COMPLEX_OBJECT",
                "rmTypeName" : "DV_DURATION",
                "attributes" : [ {
                  "@type" : "C_ATTRIBUTE",
                  "rmAttributeName" : "value",
                  "children" : [ {
                    "@type" : "C_DURATION",
                    "rmTypeName" : "DURATION",
                    "occurrences" : "1..1",
                    "patternedConstraint" : "PYM",
                    "constraint" : [ {
                      "lower" : "P0Y",
                      "lowerIncluded" : true,
                      "upperIncluded" : false,
                      "upperUnbounded" : true,
                      "lowerUnbounded" : false
                    } ]
                  } ]
                } ],
                "attributeTuples" : [ ]
              } ]
            } ],
            "attributeTuples" : [ ]
          }, {
            "@type" : "C_COMPLEX_OBJECT",
            "rmTypeName" : "ELEMENT",
            "nodeId" : "at0002.1",
            "attributes" : [ {
              "@type" : "C_ATTRIBUTE",
              "rmAttributeName" : "value",
              "children" : [ {
                "@type" : "C_COMPLEX_OBJECT",
                "rmTypeName" : "DV_CODED_TEXT",
                "occurrences" : "0..1",
                "attributes" : [ {
                  "@type" : "C_ATTRIBUTE",
                  "rmAttributeName" : "defining_code",
                  "existence" : "0..1",
                  "children" : [ {
                    "@type" : "C_TERMINOLOGY_CODE",
                    "terminologyId" : {
                      "value" : "no.utdanningsnivaa"
                    },
                    "constraint" : [ ],
                    "includedExternalTerminologyCodes" : [ {
                      "terminologyId" : "no.utdanningsnivaa",
                      "code" : "0",
                      "value" : "Ingen utdanning"
                    }, {
                      "terminologyId" : "no.utdanningsnivaa",
                      "code" : "1",
                      "value" : "Grunnskole"
                    }, {
                      "terminologyId" : "no.utdanningsnivaa",
                      "code" : "2",
                      "value" : "Videregående"
                    }, {
                      "terminologyId" : "no.utdanningsnivaa",
                      "code" : "3",
                      "value" : "Universitet/Høyskole <4 år"
                    }, {
                      "terminologyId" : "no.utdanningsnivaa",
                      "code" : "4",
                      "value" : "Universitet/Høyskole ≥4 år"
                    }, {
                      "terminologyId" : "no.utdanningsnivaa",
                      "code" : "9",
                      "value" : "Ukjent"
                    } ]
                  } ]
                } ],
                "attributeTuples" : [ ]
              } ]
            } ],
            "attributeTuples" : [ ]
          }, {
            "@type" : "C_COMPLEX_OBJECT",
            "rmTypeName" : "ELEMENT",
            "occurrences" : "0..0",
            "nodeId" : "at0007.1",
            "attributes" : [ ],
            "attributeTuples" : [ ]
          } ]
        } ],
        "attributeTuples" : [ ]
      } ]
    } ],
    "attributeTuples" : [ ]
  },
  "terminology" : {
    "@type" : "ARCHETYPE_TERMINOLOGY",
    "conceptCode" : "at0000",
    "termDefinitions" : {
      "en" : { },
      "nb" : {
        "at0007.1" : {
          "@type" : "ARCHETYPE_TERM",
          "code" : "at0007.1",
          "text" : "Kommentar",
          "description" : "Ytterligere fritekst om utdanningssammendraget som ikke er fanget opp i andre felt.",
          "comment" : "K"
        }
      },
      "fr" : { },
      "de" : { }
    },
    "termBindings" : { },
    "terminologyExtracts" : { },
    "valueSets" : { }
  },
  "adlVersion" : "1.4",
  "buildUid" : "b8cc5dd8-740d-3083-b1e3-ee317537cf94",
  "rmName" : "openehr",
  "rmRelease" : "1.1.0",
  "generated" : true,
  "templateId" : "utdanningssammendrag",
  "otherMetaData" : { },
  "templateOverlays" : [ ],
  "originalLanguage" : {
    "terminologyId" : {
      "value" : "ISO_639-1"
    },
    "codeString" : "en"
  },
  "translations" : [ {
    "@type" : "TRANSLATION_DETAILS",
    "language" : {
      "terminologyId" : {
        "value" : "ISO_639-1"
      },
      "codeString" : "de"
    },
    "author" : {
      "name" : "Darin Leonhardt",
      "organisation" : "PLRI",
      "email" : "leonhardt.darin@mh-hannover.de"
    },
    "accreditation" : "-",
    "otherDetails" : { }
  }, {
    "@type" : "TRANSLATION_DETAILS",
    "language" : {
      "terminologyId" : {
        "value" : "ISO_639-1"
      },
      "codeString" : "nb"
    },
    "author" : {
      "name" : "John Tore Valand",
      "organisation" : "Helse Bergen",
      "email" : "john.tore.valand@helse-bergen.no"
    },
    "otherDetails" : { }
  }, {
    "@type" : "TRANSLATION_DETAILS",
    "language" : {
      "terminologyId" : {
        "value" : "ISO_639-1"
      },
      "codeString" : "fr"
    },
    "author" : {
      "name" : "Vanessa Pereira",
      "organisation" : "Better - Pathfinder",
      "email" : "vanessapereira@protonmail.com"
    },
    "otherDetails" : { }
  } ]
}